timestep,env_id,torque_0,torque_1,torque_2,torque_3,torque_4,torque_5,torque_6,torque_7,torque_8,torque_9,torque_10,torque_11
0,0,1.27510404586792,-23.700000762939453,6.289485931396484,17.99121856689453,1.7244535684585571,23.700000762939453,0.23243308067321777,-7.865346908569336,-0.376171350479126,-0.7760872840881348,-1.4065699577331543,23.700000762939453
0,1,-1.1106687784194946,-23.700000762939453,15.00250244140625,12.381195068359375,9.355609893798828,-2.9530951976776123,0.3866567611694336,-0.11754322052001953,5.479109764099121,-0.20884722471237183,-2.145583152770996,17.331228256225586
1,0,-0.3880491256713867,-17.122657775878906,-5.025295257568359,18.183311462402344,2.200394630432129,1.8251957893371582,-0.10783088207244873,-0.09578704833984375,-1.4583089351654053,-2.568282127380371,-1.1718106269836426,23.700000762939453
1,1,0.02396106719970703,-23.700000762939453,18.084030151367188,-3.449552536010742,-8.791293144226074,-13.2211275100708,-16.764223098754883,1.4893064498901367,-3.3474292755126953,-16.898141860961914,0.3168067932128906,-1.0921611785888672
2,0,-1.9402179718017578,-23.700000762939453,5.5466766357421875,10.898669242858887,-1.0211029052734375,-1.605994701385498,0.35083961486816406,2.0298242568969727,-2.140881061553955,1.7851877212524414,-1.771653413772583,23.700000762939453
2,1,-0.32317066192626953,-11.062187194824219,0.22344255447387695,1.7378613948822021,4.224837779998779,-23.700000762939453,4.960269927978516,1.8334436416625977,0.26035094261169434,-10.738248825073242,0.29250097274780273,9.930116653442383
3,0,0.5445742607116699,-21.717369079589844,2.690093994140625,14.854240417480469,3.523773193359375,13.290199279785156,0.3017706871032715,11.078482627868652,1.0039379596710205,0.022240877151489258,0.21099328994750977,22.979148864746094
3,1,3.075279712677002,-16.50709342956543,-2.3242311477661133,3.36146879196167,12.847210884094238,-23.700000762939453,-5.930911064147949,5.902268409729004,2.6334238052368164,22.198986053466797,-2.5547170639038086,5.862676620483398
4,0,-1.030395746231079,-20.420804977416992,2.656329870223999,16.512107849121094,-3.8377885818481445,11.27042293548584,-1.18412446975708,-1.689354419708252,0.6324706077575684,-0.1931394338607788,-1.0542486906051636,6.056652545928955
4,1,1.896803855895996,-11.112373352050781,2.2720508575439453,0.03614234924316406,1.1435670852661133,11.051660537719727,0.3365621566772461,0.0283050537109375,-2.488088607788086,23.700000762939453,-2.7963428497314453,-2.7068471908569336
5,0,-0.5379409790039062,-5.629372596740723,5.772107124328613,0.3459482192993164,-3.259161949157715,4.604509353637695,-0.49818897247314453,0.34018540382385254,0.23778069019317627,1.4091949462890625,-2.8992910385131836,0.7888827323913574
5,1,-4.43625020980835,-4.775407314300537,5.60976505279541,1.3230161666870117,-5.531966209411621,19.655868530273438,-12.912233352661133,7.44995641708374,-0.46668100357055664,2.8556461334228516,-5.98663854598999,3.742262840270996
6,0,1.524033546447754,0.7417430877685547,2.489727020263672,-1.9152876138687134,1.1025009155273438,-2.958212375640869,11.437522888183594,-0.7020523548126221,-0.7771050930023193,-1.6786251068115234,2.0558395385742188,-0.13766956329345703
6,1,-3.6098556518554688,-2.4918060302734375,15.082239151000977,-1.518233299255371,-4.819387435913086,1.4034709930419922,4.7601213455200195,-3.037446975708008,0.9710941314697266,-5.709993362426758,23.700000762939453,-6.868114471435547
7,0,1.1389942169189453,7.529921531677246,-9.659696578979492,-0.4263780117034912,2.881216049194336,-2.6453542709350586,0.589874267578125,0.700194239616394,-1.9993062019348145,0.2262110710144043,1.327244758605957,0.3882002830505371
7,1,2.0610439777374268,7.643362522125244,-8.028164863586426,-1.5112791061401367,3.215083122253418,-23.700000762939453,11.903390884399414,5.3354387283325195,-0.5817699432373047,-3.480846881866455,2.39469575881958,0.8691995739936829
8,0,2.0934581756591797,1.4319086074829102,-1.4727325439453125,-3.8329720497131348,-15.668102264404297,1.0512199401855469,-13.69784164428711,8.05931282043457,-4.382143974304199,-1.9097108840942383,-4.533781051635742,2.2968063354492188
8,1,0.48699474334716797,-1.9651482105255127,-0.1798822581768036,-1.4111957550048828,-2.7058658599853516,-23.700000762939453,-9.700960159301758,0.4535799026489258,-2.5716147422790527,6.725156307220459,-1.0279998779296875,0.07162141799926758
9,0,-0.3052480220794678,0.9961520433425903,-1.096426010131836,0.7917978763580322,5.059719562530518,7.082309722900391,6.312350749969482,-3.4081788063049316,0.750962495803833,1.5533885955810547,2.9164605140686035,-2.3930749893188477
9,1,-3.1718316078186035,3.567901134490967,-0.6916055679321289,0.006178379058837891,5.383074760437012,-17.995594024658203,2.858297824859619,-2.9155807495117188,1.4118800163269043,17.3580379486084,2.438375473022461,-2.833108901977539
10,0,-1.366037368774414,0.8867583274841309,1.8334221839904785,0.25374698638916016,1.2361011505126953,-1.6341781616210938,-3.9337501525878906,-4.91642951965332,1.0258705615997314,-0.06275498867034912,-2.2679085731506348,-4.309456825256348
10,1,0.9792666435241699,-4.350696086883545,1.4889521598815918,-2.3576388359069824,2.151364326477051,-20.804641723632812,-0.988771915435791,1.7537431716918945,-0.5592159032821655,8.276677131652832,-1.0063244104385376,-1.8244187831878662
11,0,1.4441829919815063,-2.9509835243225098,1.9841256141662598,1.3888931274414062,-3.522334098815918,-2.7205095291137695,3.8333804607391357,0.10803699493408203,0.5714540481567383,-0.43108701705932617,0.616016149520874,-1.1190199851989746
11,1,2.1004180908203125,-1.1027636528015137,0.566572904586792,-1.5233688354492188,-0.9613580703735352,2.7977042198181152,-1.1938400268554688,3.2826433181762695,-0.3605771064758301,-1.0430665016174316,-1.3610693216323853,-0.46636295318603516
12,0,-0.7373542785644531,1.4587697982788086,2.584820508956909,0.011912822723388672,-3.119297981262207,-1.2593693733215332,-1.6940909624099731,7.769520282745361,-0.21268177032470703,0.8742537498474121,-1.431457757949829,3.5216221809387207
12,1,-0.2724340260028839,1.1418781280517578,0.46437501907348633,-0.7820415496826172,-2.940019130706787,-1.6614031791687012,2.4424595832824707,4.260381698608398,-0.5857773423194885,-1.6699485778808594,-1.7507076263427734,0.49239110946655273
13,0,-0.09205436706542969,2.0915095806121826,-2.131340503692627,0.42579686641693115,-1.182894229888916,-2.334437847137451,1.5213279724121094,0.5413587093353271,-0.33344510197639465,0.12488269805908203,-0.1344141960144043,1.2573628425598145
13,1,-0.3087477684020996,1.4166204929351807,-1.714439868927002,0.7781176567077637,-0.6554007530212402,-4.476205825805664,2.064347743988037,2.545200824737549,-1.4703845977783203,-0.7022523880004883,-0.7701177597045898,0.9233542680740356
14,0,2.0699357986450195,1.9223051071166992,-9.740517616271973,0.42596006393432617,1.6014784574508667,-0.22606801986694336,-4.426292419433594,0.39971375465393066,-0.5413665771484375,0.19188189506530762,8.952019691467285,-0.9980039596557617
14,1,1.46010160446167,-0.9244232177734375,-1.267116665840149,-0.6370985507965088,-0.1231917142868042,3.464003086090088,-2.4872007369995117,1.134906530380249,-2.0255165100097656,-1.4593582153320312,-0.3327658176422119,-1.1350326538085938
15,0,2.075117826461792,0.112338125705719,-7.055747032165527,5.700691223144531,0.13087081909179688,-1.5297009944915771,6.007604598999023,1.503122329711914,-0.6283537149429321,-0.4914149045944214,6.258652210235596,8.753808975219727
15,1,-1.1908912658691406,-1.3882484436035156,1.648404598236084,-3.149700403213501,-0.053913116455078125,1.5143485069274902,-1.3593963384628296,1.6614058017730713,3.291813611984253,-0.43698883056640625,-0.7137727737426758,7.50895881652832
16,0,-0.05657792091369629,1.979777455329895,-8.6496000289917,7.804133415222168,-0.9262657165527344,6.527961254119873,7.3172807693481445,8.668238639831543,-0.1657504439353943,6.804750442504883,10.195649147033691,17.895477294921875
16,1,3.7983105182647705,2.534975528717041,-3.7469518184661865,-10.503128051757812,2.909838914871216,-2.265069007873535,5.57342529296875,-4.791059970855713,1.159623622894287,-1.1083804368972778,5.611448764801025,8.860359191894531
17,0,0.25227832794189453,5.635156631469727,-13.406961441040039,8.280425071716309,-1.0527312755584717,7.0413055419921875,9.204758644104004,9.04373836517334,-1.0280258655548096,8.892916679382324,15.683186531066895,15.293357849121094
17,1,6.139915466308594,0.985855221748352,-2.08848237991333,-3.1202707290649414,13.031825065612793,2.58917236328125,4.457655429840088,4.114704132080078,14.499832153320312,0.8462477922439575,13.486315727233887,17.92739486694336
18,0,-2.9336512088775635,8.101055145263672,-15.900830268859863,9.111175537109375,-3.8210103511810303,7.091235160827637,9.54247760772705,7.161606788635254,12.377939224243164,9.773677825927734,14.833526611328125,14.250761032104492
18,1,3.998356580734253,3.163785696029663,-4.344046592712402,6.4838972091674805,3.2036995887756348,0.08535867929458618,3.300873279571533,5.600337982177734,7.942848205566406,7.293797969818115,9.588085174560547,11.112547874450684
19,0,1.8634477853775024,5.538102149963379,-18.45899200439453,7.629117965698242,4.437650680541992,5.854357719421387,8.412168502807617,6.108758926391602,9.974928855895996,8.98308277130127,14.319461822509766,23.700000762939453
19,1,-1.7531541585922241,-0.8677513599395752,-6.724437713623047,10.433982849121094,7.617304801940918,0.5527117252349854,3.266120433807373,1.3902688026428223,8.794519424438477,12.47011661529541,8.783782005310059,13.487337112426758
20,0,1.3002572059631348,6.338629245758057,-19.129453659057617,9.926417350769043,0.5669458508491516,4.148679733276367,5.365278720855713,5.753085136413574,9.90433406829834,7.509760856628418,14.741554260253906,19.510305404663086
20,1,-5.589383125305176,0.19785350561141968,-6.612391471862793,11.835042953491211,2.8178563117980957,3.730379581451416,-0.04459047317504883,-1.9662976264953613,7.066445827484131,12.659772872924805,3.6103007793426514,9.906695365905762
21,0,-0.4787336587905884,3.9213948249816895,-15.157490730285645,10.79858112335205,-0.687500536441803,4.974457740783691,4.10515022277832,8.641977310180664,8.242469787597656,6.476970195770264,12.26574993133545,18.740196228027344
21,1,-5.710776329040527,1.559148907661438,-7.807213306427002,11.728974342346191,4.827489852905273,3.6431031227111816,0.3944056034088135,-4.701100826263428,6.8832902908325195,11.73430061340332,2.345635175704956,5.853918075561523
22,0,0.41369494795799255,2.4239635467529297,-13.93130111694336,10.646944999694824,-0.8496499061584473,3.9066214561462402,3.8019378185272217,8.395648002624512,6.222293853759766,5.131333827972412,10.503937721252441,17.722835540771484
22,1,-5.68794059753418,0.7805065512657166,-6.614346027374268,11.72274398803711,4.994579792022705,3.2138309478759766,0.4428447484970093,-4.432452201843262,6.323770523071289,11.51087474822998,2.198601484298706,3.4220800399780273
23,0,0.7118854522705078,2.5555808544158936,-13.44150161743164,9.971282005310059,-1.2338371276855469,3.0442893505096436,4.489497661590576,7.933533668518066,5.271002769470215,4.129827499389648,9.89719295501709,15.124920845031738
23,1,-5.266002655029297,0.7042869925498962,-5.72707986831665,10.206917762756348,4.9987006187438965,2.5310139656066895,0.6721347570419312,-3.95884370803833,6.334494113922119,10.826054573059082,2.4279961585998535,2.8097331523895264
24,0,0.4467162787914276,2.238241195678711,-12.266470909118652,9.656432151794434,-1.3988819122314453,2.61657977104187,4.921212196350098,8.560240745544434,5.102021217346191,3.5287868976593018,8.983891487121582,13.497517585754395
24,1,-4.718064785003662,1.1941826343536377,-4.5798020362854,8.284496307373047,4.251173496246338,1.8544083833694458,0.9020822048187256,-3.3001327514648438,6.4838480949401855,9.975845336914062,2.8115763664245605,2.418064832687378
25,0,0.262906014919281,2.124049425125122,-11.764812469482422,9.349763870239258,-1.6816474199295044,2.199115753173828,5.318014621734619,8.55562973022461,4.680014610290527,3.102349281311035,8.38907527923584,12.248412132263184
25,1,-4.244172096252441,1.4581258296966553,-3.4425878524780273,6.64527702331543,3.4864442348480225,1.087166666984558,0.8816013932228088,-2.9180803298950195,6.673648357391357,9.288610458374023,3.094975709915161,2.1015677452087402
26,0,0.12812164425849915,2.356553792953491,-11.515460014343262,8.85763931274414,-2.348503351211548,1.7729485034942627,5.428351402282715,8.18138313293457,4.554779529571533,2.7009356021881104,7.723568439483643,10.814146041870117
26,1,-3.743227005004883,1.682448148727417,-2.862578868865967,5.5348992347717285,2.5233683586120605,0.5918226838111877,0.8387598991394043,-2.5797948837280273,6.832193851470947,8.559793472290039,3.4260740280151367,1.94745934009552
27,0,-0.2448500692844391,2.4617483615875244,-11.017631530761719,8.475153923034668,-2.5958070755004883,1.5684127807617188,5.104426860809326,7.615791320800781,4.5535688400268555,2.5929789543151855,7.238995552062988,9.803890228271484
27,1,-3.4018397331237793,1.7997900247573853,-3.311629056930542,5.2199482917785645,1.7566306591033936,0.2260265052318573,0.951137900352478,-2.4686052799224854,6.795438766479492,7.896946430206299,4.602279186248779,2.001431703567505
28,0,-0.7210472226142883,2.805100440979004,-10.499238014221191,7.891383171081543,-2.5963246822357178,1.2140493392944336,4.589136123657227,7.030925750732422,4.364423751831055,2.6078312397003174,6.920194625854492,8.874052047729492
28,1,-2.9087343215942383,2.122011423110962,-4.176887512207031,5.694788932800293,1.4676984548568726,1.0667479038238525,0.6438208222389221,-2.7402076721191406,6.6969895362854,7.397931098937988,5.191892147064209,2.1945645809173584
29,0,-1.0669060945510864,3.247934341430664,-9.942893028259277,7.04521369934082,-2.755892276763916,0.8477647304534912,4.268017292022705,6.360190391540527,4.669063091278076,2.7689008712768555,6.789743900299072,7.719496726989746
29,1,-1.9838703870773315,1.9189069271087646,-5.306825637817383,6.065032482147217,2.0068986415863037,1.3528515100479126,0.5652134418487549,-2.456291437149048,7.118877410888672,7.0356879234313965,6.067584037780762,3.042783737182617
30,0,-1.3251888751983643,3.531008720397949,-9.234308242797852,6.326580047607422,-2.9402682781219482,0.8876193165779114,4.142219066619873,5.744078636169434,4.979069709777832,2.8714256286621094,6.77225399017334,6.627036094665527
30,1,-1.4144867658615112,1.7178152799606323,-5.623147487640381,5.996988773345947,2.2689685821533203,1.8736122846603394,0.13468509912490845,-2.1557259559631348,7.415595054626465,6.598567485809326,6.66005277633667,3.498044013977051
31,0,-1.560699224472046,3.842766284942627,-8.684173583984375,5.611320972442627,-2.7345926761627197,0.801382303237915,4.201834201812744,5.063421249389648,5.3334736824035645,2.9558465480804443,6.967270851135254,5.528408050537109
31,1,-1.2662019729614258,1.6244999170303345,-4.383869171142578,5.722098350524902,2.3247568607330322,2.3048715591430664,-0.1702963411808014,-1.425766110420227,7.800262928009033,6.631214618682861,6.937326908111572,3.569100856781006
32,0,-1.7897567749023438,4.221811771392822,-8.387526512145996,5.232757091522217,-2.515385389328003,0.961550235748291,4.263908863067627,4.380745887756348,5.7660064697265625,3.2653563022613525,7.19447660446167,4.990015029907227
32,1,-1.9115993976593018,1.24393630027771,-4.771420955657959,6.169101238250732,1.9560006856918335,1.6744917631149292,1.4771026372909546,-1.8127405643463135,7.60206937789917,5.592811584472656,6.593662261962891,2.0178017616271973
33,0,-1.9122979640960693,4.31609582901001,-8.135046005249023,5.164127349853516,-2.414592981338501,1.3277078866958618,4.409881591796875,3.8128440380096436,6.0929155349731445,3.5212135314941406,7.46928596496582,5.203620910644531
33,1,-2.2798876762390137,1.6564456224441528,-4.474424362182617,6.153837203979492,1.5985503196716309,2.8079099655151367,0.4725252091884613,-2.3294262886047363,7.7502007484436035,5.841188907623291,6.683013439178467,2.1552109718322754
34,0,-1.7600966691970825,4.212394714355469,-8.155449867248535,5.448400497436523,-2.4379186630249023,1.5758416652679443,4.653124809265137,3.3869118690490723,6.406069755554199,3.632505416870117,8.037957191467285,6.4172444343566895
34,1,-1.2965037822723389,1.7742053270339966,-4.95455265045166,5.60759973526001,2.4096078872680664,2.896972417831421,0.6901476383209229,-1.943782091140747,8.297046661376953,5.543713569641113,7.279746055603027,3.0104806423187256
35,0,-1.544761300086975,3.8077430725097656,-8.148917198181152,5.8555145263671875,-2.6095476150512695,1.8161635398864746,4.871884346008301,3.3257198333740234,6.65409517288208,3.6743783950805664,8.566535949707031,7.193593978881836
35,1,-1.2328693866729736,1.2718619108200073,-4.557260990142822,5.603860378265381,1.986472487449646,2.5185723304748535,1.199340581893921,-1.688506841659546,8.532706260681152,5.253954887390137,7.458253860473633,2.642897367477417
36,0,-1.2449744939804077,3.0865862369537354,-8.356834411621094,6.377699375152588,-2.611035108566284,2.197787284851074,4.840633392333984,3.425736427307129,6.537184715270996,3.686796188354492,8.7568359375,8.878131866455078
36,1,-2.1562631130218506,1.725468635559082,-4.412135601043701,5.892446041107178,1.0258687734603882,3.346433401107788,-0.058108821511268616,-2.1335651874542236,7.923863887786865,5.53387975692749,6.651520729064941,2.6122488975524902
37,0,-0.942168116569519,2.8910319805145264,-8.378191947937012,6.300368785858154,-2.4580154418945312,1.8255565166473389,4.781692028045654,3.4102816581726074,6.75818395614624,3.522913694381714,8.997143745422363,9.154479026794434
37,1,-1.6232606172561646,1.9015198945999146,-4.225655555725098,5.654582500457764,2.043070077896118,3.329094648361206,0.29005253314971924,-2.038587808609009,8.352604866027832,5.617796421051025,7.1190338134765625,2.8808794021606445
38,0,-0.9621442556381226,2.7930853366851807,-8.458860397338867,6.529274940490723,-2.1568009853363037,1.9509787559509277,4.778547763824463,3.3417649269104004,6.639278411865234,3.611870050430298,8.926566123962402,9.464856147766113
38,1,-1.8345417976379395,1.5866622924804688,-4.52776575088501,5.731044292449951,1.8079471588134766,2.899266242980957,0.9609311819076538,-2.1568050384521484,8.20146656036377,5.190337181091309,6.9180097579956055,2.4681448936462402
39,0,-1.1341139078140259,2.857931137084961,-8.447073936462402,6.543079853057861,-1.8546496629714966,1.9049590826034546,4.927361488342285,3.1525323390960693,6.4264235496521,3.677659749984741,8.798267364501953,9.492341995239258
39,1,-2.1184310913085938,1.8130804300308228,-4.186426162719727,5.837334632873535,1.6763648986816406,3.5746052265167236,0.039523616433143616,-2.2846291065216064,8.043183326721191,5.804461479187012,6.803238868713379,2.9278042316436768
40,0,-1.230302333831787,2.9186177253723145,-8.437723159790039,6.58745002746582,-1.7958576679229736,1.8566033840179443,4.993919372558594,2.967961549758911,6.336926460266113,3.7966291904449463,8.609549522399902,9.316424369812012
40,1,-1.962558388710022,1.6843202114105225,-4.56121301651001,5.687539100646973,2.0949106216430664,2.9638326168060303,0.8143247365951538,-2.375852346420288,8.03665828704834,5.432677745819092,6.767709732055664,2.748473882675171
41,0,-1.4010279178619385,2.9864470958709717,-8.24600601196289,6.463556289672852,-1.5616815090179443,1.4541187286376953,5.044541835784912,2.98330020904541,6.086456775665283,3.7596445083618164,8.451095581054688,9.214263916015625
41,1,-2.0761218070983887,1.7795689105987549,-4.381351470947266,5.583178520202637,2.0090954303741455,3.500662326812744,0.057573169469833374,-2.4691569805145264,7.958501815795898,5.908306121826172,6.69984769821167,3.1852707862854004
42,0,-1.5294572114944458,2.989725351333618,-8.191157341003418,6.491491317749023,-1.5964595079421997,1.5894683599472046,5.210204124450684,2.8509225845336914,5.871086120605469,3.9036028385162354,8.230663299560547,9.11739730834961
42,1,-2.00252628326416,1.7220141887664795,-4.422460079193115,5.570276260375977,2.2589340209960938,3.2376084327697754,0.4368726313114166,-2.3978569507598877,7.863134860992432,5.778961658477783,6.603699684143066,3.1244399547576904
43,0,-1.5977813005447388,3.0228195190429688,-8.087662696838379,6.410040855407715,-1.5498963594436646,1.1878892183303833,5.256396770477295,2.819631338119507,5.782070159912109,3.848116874694824,8.138298034667969,8.970685958862305
43,1,-2.169983148574829,1.6434345245361328,-4.311893463134766,5.668916702270508,2.1996676921844482,3.2317488193511963,0.3455793261528015,-2.443953514099121,7.718067169189453,5.895236492156982,6.5123515129089355,3.1111385822296143
44,0,-1.6920758485794067,3.069916009902954,-7.939263820648193,6.313324928283691,-1.4858189821243286,0.9187065362930298,5.303206920623779,2.939420223236084,5.696841239929199,3.858628273010254,8.119190216064453,8.896446228027344
44,1,-2.2429704666137695,1.6320726871490479,-4.282561779022217,5.69365119934082,2.2921035289764404,3.233316421508789,0.2685840427875519,-2.45654034614563,7.641083240509033,6.018619537353516,6.449492454528809,3.164461851119995
45,0,-1.8416169881820679,3.100151777267456,-7.865536689758301,6.358637809753418,-1.532930850982666,0.8628641366958618,5.361580848693848,2.9758248329162598,5.639383792877197,3.9838931560516357,8.017338752746582,8.837955474853516
45,1,-2.2474875450134277,1.6539541482925415,-4.282728672027588,5.664738655090332,2.3877899646759033,3.311333417892456,0.18739494681358337,-2.474050521850586,7.610256195068359,6.11405086517334,6.396275520324707,3.208341360092163
46,0,-1.8358163833618164,3.143658399581909,-7.76285457611084,6.2495927810668945,-1.4298427104949951,0.5941624045372009,5.355410099029541,3.053341865539551,5.615389347076416,3.9621520042419434,8.109121322631836,8.91787052154541
46,1,-2.1674160957336426,1.578392505645752,-4.270015239715576,5.607563018798828,2.4607303142547607,3.087458372116089,0.3421309292316437,-2.448178768157959,7.532135963439941,6.0445451736450195,6.390064716339111,3.182983636856079
47,0,-1.9332419633865356,3.2110283374786377,-7.823568820953369,6.319544315338135,-1.5364444255828857,0.6497650742530823,5.408770561218262,3.054349184036255,5.622345447540283,4.119410991668701,8.020890235900879,8.833285331726074
47,1,-2.185450553894043,1.527764081954956,-4.228884220123291,5.625586032867432,2.451592206954956,2.985903263092041,0.35280823707580566,-2.4642467498779297,7.460275173187256,6.069187641143799,6.352691173553467,3.1650590896606445
48,0,-1.9466274976730347,3.1342575550079346,-7.845057964324951,6.308410167694092,-1.5421980619430542,0.7184749841690063,5.394136428833008,2.992159843444824,5.602935314178467,4.1208696365356445,7.962061882019043,8.914398193359375
48,1,-2.2156152725219727,1.5654407739639282,-4.259270668029785,5.642329692840576,2.4520716667175293,3.0244622230529785,0.27759286761283875,-2.516192674636841,7.441605091094971,6.130481243133545,6.276148796081543,3.1293134689331055
49,0,-1.863890290260315,3.15004825592041,-7.83591365814209,6.21618127822876,-1.468944787979126,0.5469144582748413,5.345666408538818,2.986873149871826,5.6354570388793945,4.0317254066467285,8.039151191711426,8.946712493896484
49,1,-2.1767666339874268,1.531945824623108,-4.259420871734619,5.639390468597412,2.506556272506714,2.9351470470428467,0.349225789308548,-2.497190475463867,7.438365459442139,6.1131205558776855,6.307789325714111,3.1091809272766113
50,0,-1.97575044631958,3.1706631183624268,-7.867693901062012,6.273364067077637,-1.511828899383545,0.5928916335105896,5.361421585083008,3.0415375232696533,5.688130855560303,4.083307266235352,8.107158660888672,8.892521858215332
50,1,-2.1702303886413574,1.4833238124847412,-4.237549781799316,5.644085884094238,2.496473550796509,2.840728998184204,0.36744582653045654,-2.48298716545105,7.4179463386535645,6.109658718109131,6.328439712524414,3.1035656929016113
51,0,-1.9340565204620361,3.1452271938323975,-7.75672721862793,6.182515621185303,-1.4769996404647827,0.5066243410110474,5.312844276428223,3.1560773849487305,5.696221351623535,4.030796527862549,8.184892654418945,9.014182090759277
51,1,-2.195611000061035,1.4759153127670288,-4.224324703216553,5.664168834686279,2.491436004638672,2.895772695541382,0.2846953868865967,-2.4799160957336426,7.414826393127441,6.1715312004089355,6.321461200714111,3.1281585693359375
52,0,-2.0025899410247803,3.196106433868408,-7.890418529510498,6.3061347007751465,-1.538180947303772,0.6844725012779236,5.374185562133789,3.100325107574463,5.7151641845703125,4.122138023376465,8.192008018493652,8.967599868774414
52,1,-2.174858570098877,1.5046842098236084,-4.229561805725098,5.6432414054870605,2.5240914821624756,2.9529473781585693,0.2010321170091629,-2.484891653060913,7.438533782958984,6.226745128631592,6.308868408203125,3.158156394958496
53,0,-2.000004529953003,3.2516908645629883,-7.899516582489014,6.339556694030762,-1.5279380083084106,0.7017794251441956,5.364478588104248,3.018313407897949,5.6750874519348145,4.107527256011963,8.15770435333252,9.005422592163086
53,1,-2.1050822734832764,1.47926926612854,-4.2487568855285645,5.61051082611084,2.568092107772827,2.8320465087890625,0.33436286449432373,-2.477048635482788,7.449907302856445,6.156394958496094,6.342102527618408,3.1197588443756104
54,0,-1.8661341667175293,3.155078411102295,-7.927985191345215,6.302850246429443,-1.5477352142333984,0.8593465089797974,5.330596446990967,2.942582607269287,5.65026330947876,4.018448352813721,8.164019584655762,9.035932540893555
54,1,-2.1213982105255127,1.4906607866287231,-4.2418694496154785,5.602578163146973,2.512242078781128,2.8446907997131348,0.2583652138710022,-2.503908157348633,7.434248924255371,6.195944309234619,6.307921886444092,3.130122184753418
55,0,-1.9127224683761597,3.1747424602508545,-7.92598819732666,6.270436763763428,-1.575075387954712,0.7196406722068787,5.293674945831299,2.9804649353027344,5.72172737121582,3.968629837036133,8.192190170288086,8.951403617858887
55,1,-2.111450433731079,1.4914569854736328,-4.252325057983398,5.609120845794678,2.5402162075042725,2.874481678009033,0.25317713618278503,-2.494809865951538,7.457614421844482,6.204593658447266,6.324221611022949,3.1068496704101562
56,0,-1.8600802421569824,3.2013893127441406,-7.866024017333984,6.255256175994873,-1.5423355102539062,0.7550778985023499,5.284895896911621,3.0486807823181152,5.728830814361572,3.955359697341919,8.219439506530762,9.007505416870117
56,1,-2.097123861312866,1.486826777458191,-4.235802173614502,5.582797527313232,2.537198305130005,2.8838043212890625,0.2145969420671463,-2.481563091278076,7.479006290435791,6.22572135925293,6.333286285400391,3.1323463916778564
57,0,-1.861886978149414,3.256199359893799,-7.921424388885498,6.337792873382568,-1.6166212558746338,0.8509043455123901,5.31020450592041,2.9994852542877197,5.782097339630127,4.01863956451416,8.222393035888672,8.974149703979492
57,1,-2.092341423034668,1.4862042665481567,-4.244801998138428,5.567013740539551,2.5444729328155518,2.906160593032837,0.18706806004047394,-2.4707107543945312,7.478855133056641,6.212174415588379,6.3524041175842285,3.1305317878723145
58,0,-1.8647165298461914,3.2392728328704834,-7.997277736663818,6.358098983764648,-1.6743139028549194,0.9631849527359009,5.330820560455322,2.91623592376709,5.761157989501953,3.9878456592559814,8.181835174560547,8.941180229187012
58,1,-2.0534212589263916,1.4921047687530518,-4.230987548828125,5.529397487640381,2.552898645401001,2.906900405883789,0.1813078224658966,-2.456397771835327,7.503260612487793,6.224630832672119,6.355564117431641,3.1608147621154785
59,0,-1.819470763206482,3.175130605697632,-7.951135158538818,6.252376079559326,-1.6121187210083008,0.8059502840042114,5.275219917297363,2.9702587127685547,5.820024013519287,3.847715377807617,8.231548309326172,8.917122840881348
59,1,-2.0185534954071045,1.456767201423645,-4.242537021636963,5.520908832550049,2.5521669387817383,2.742765426635742,0.33688363432884216,-2.4550724029541016,7.4984822273254395,6.1375627517700195,6.370436668395996,3.10455060005188
60,0,-1.8222784996032715,3.235635280609131,-7.8689866065979,6.257542133331299,-1.592844843864441,0.7329463958740234,5.261073589324951,3.0735771656036377,5.824610233306885,3.8799643516540527,8.24889087677002,8.934837341308594
60,1,-2.103421688079834,1.4743167161941528,-4.204643249511719,5.564635276794434,2.45855450630188,2.8644230365753174,0.1786811798810959,-2.474562168121338,7.466663360595703,6.196615219116211,6.31571102142334,3.0968594551086426
61,0,-1.87972092628479,3.230051040649414,-7.882281303405762,6.31410026550293,-1.610934853553772,0.8571263551712036,5.29837703704834,3.059844493865967,5.793415546417236,3.9407434463500977,8.249151229858398,8.950006484985352
61,1,-2.0815000534057617,1.49873685836792,-4.214938163757324,5.545333385467529,2.5292811393737793,2.923140048980713,0.13936471939086914,-2.4495160579681396,7.519237995147705,6.239154815673828,6.353512287139893,3.1361582279205322
62,0,-1.8833122253417969,3.274738311767578,-7.953256607055664,6.347622394561768,-1.6668471097946167,0.9235141277313232,5.307806015014648,2.9759459495544434,5.783413887023926,3.9691262245178223,8.201193809509277,8.926219940185547
62,1,-2.0462427139282227,1.4763004779815674,-4.20428991317749,5.52699613571167,2.540996551513672,2.898900270462036,0.192679762840271,-2.422952890396118,7.525599479675293,6.193427085876465,6.373929500579834,3.1258513927459717
63,0,-1.8414143323898315,3.215024471282959,-7.984533309936523,6.2990241050720215,-1.6455278396606445,0.9206928014755249,5.296969413757324,2.9477345943450928,5.802081108093262,3.8795864582061768,8.190568923950195,8.908934593200684
63,1,-2.0340373516082764,1.4544142484664917,-4.198284149169922,5.533666610717773,2.5220890045166016,2.792745351791382,0.26314854621887207,-2.4283204078674316,7.5200090408325195,6.160223007202148,6.38150691986084,3.100452423095703
64,0,-1.8046549558639526,3.245833396911621,-7.859133720397949,6.225943565368652,-1.5821360349655151,0.718335747718811,5.244387149810791,3.043708324432373,5.81567907333374,3.8384509086608887,8.258667945861816,8.95695686340332
64,1,-2.0810537338256836,1.468117117881775,-4.191562652587891,5.555251121520996,2.472780704498291,2.8460423946380615,0.18602493405342102,-2.4502463340759277,7.503115653991699,6.199147701263428,6.345053672790527,3.094254732131958
65,0,-1.9159587621688843,3.276010513305664,-7.929389476776123,6.348618507385254,-1.6308921575546265,0.8933954238891602,5.287687301635742,3.0210907459259033,5.8116960525512695,3.941234827041626,8.254251480102539,8.890609741210938
65,1,-2.068467140197754,1.4558912515640259,-4.174534797668457,5.5548095703125,2.5097193717956543,2.8476085662841797,0.20111283659934998,-2.414987325668335,7.533298015594482,6.20612096786499,6.384682655334473,3.100309371948242
66,0,-1.8541491031646729,3.1645514965057373,-7.881824970245361,6.286663055419922,-1.6464512348175049,0.893576979637146,5.301643371582031,3.01656436920166,5.78944206237793,3.8681368827819824,8.222126007080078,8.950119972229004
66,1,-2.07769513130188,1.445875883102417,-4.154948711395264,5.554440021514893,2.4974284172058105,2.8553192615509033,0.1764819473028183,-2.403446912765503,7.52961540222168,6.216951847076416,6.38365364074707,3.113834857940674
67,0,-1.8604053258895874,3.2583844661712646,-7.886478900909424,6.2621750831604,-1.5971087217330933,0.701874852180481,5.270663261413574,3.0464251041412354,5.84057092666626,3.888939619064331,8.261880874633789,8.904855728149414
67,1,-2.0808842182159424,1.442878007888794,-4.1456427574157715,5.5505170822143555,2.503908634185791,2.8822286128997803,0.1533527970314026,-2.3943288326263428,7.534344673156738,6.232030391693115,6.3886399269104,3.1232573986053467
68,0,-1.8692984580993652,3.19376802444458,-7.9123687744140625,6.332902431488037,-1.6266907453536987,0.9459347724914551,5.295161724090576,3.018786907196045,5.800066947937012,3.930838108062744,8.239763259887695,8.939373970031738
68,1,-2.0766525268554688,1.4420148134231567,-4.1402907371521,5.541332244873047,2.5141067504882812,2.889479160308838,0.14465680718421936,-2.3908965587615967,7.544414043426514,6.241718292236328,6.387319564819336,3.124673366546631
69,0,-1.8494212627410889,3.261948585510254,-7.877982139587402,6.291140079498291,-1.6281191110610962,0.7354894876480103,5.273643970489502,3.031155586242676,5.830414772033691,3.9228761196136475,8.235993385314941,8.93526554107666
69,1,-2.072958469390869,1.4361201524734497,-4.136162757873535,5.524191379547119,2.5156941413879395,2.894120931625366,0.13891200721263885,-2.387538433074951,7.54025411605835,6.237993240356445,6.385716915130615,3.1275136470794678
70,0,-1.8458114862442017,3.2361884117126465,-7.944360256195068,6.315349578857422,-1.6229790449142456,0.9452981352806091,5.30097770690918,2.9865217208862305,5.794282913208008,3.9459826946258545,8.208368301391602,8.952376365661621
70,1,-2.0545289516448975,1.4242724180221558,-4.129204273223877,5.516239166259766,2.53305721282959,2.862130880355835,0.16275997459888458,-2.3808753490448,7.545558929443359,6.229118824005127,6.395962238311768,3.1219322681427
71,0,-1.8302841186523438,3.2574071884155273,-7.937465190887451,6.285112380981445,-1.6582422256469727,0.8181717395782471,5.284646511077881,2.9875214099884033,5.838284969329834,3.9153449535369873,8.217302322387695,8.935323715209961
71,1,-2.062175989151001,1.421644926071167,-4.1049957275390625,5.51272439956665,2.50701642036438,2.863234043121338,0.13897036015987396,-2.3680639266967773,7.523508071899414,6.2288689613342285,6.378414630889893,3.123582124710083
72,0,-1.8390568494796753,3.271726608276367,-7.937296390533447,6.306692600250244,-1.6487669944763184,0.8213592171669006,5.2888617515563965,3.0018627643585205,5.851601600646973,3.939469814300537,8.230942726135254,8.91775894165039
72,1,-2.051917791366577,1.4330641031265259,-4.111272811889648,5.4878997802734375,2.514845609664917,2.8479323387145996,0.1421273648738861,-2.371328592300415,7.511268138885498,6.199803352355957,6.384854793548584,3.1310904026031494
73,0,-1.8685590028762817,3.270177125930786,-7.953489780426025,6.329846382141113,-1.6659331321716309,0.9058629274368286,5.307256698608398,2.9738149642944336,5.807240009307861,3.9538214206695557,8.186443328857422,8.93368148803711
73,1,-2.0628507137298584,1.4152644872665405,-4.094758033752441,5.498323440551758,2.5243983268737793,2.852151393890381,0.1515493392944336,-2.3457584381103516,7.517052173614502,6.204410552978516,6.398723125457764,3.1292896270751953
74,0,-1.8070720434188843,3.232858419418335,-7.886686325073242,6.254909038543701,-1.6031030416488647,0.7407820820808411,5.298118591308594,3.0009477138519287,5.843315601348877,3.871800422668457,8.274438858032227,8.928464889526367
74,1,-2.0632336139678955,1.40382719039917,-4.080809593200684,5.504014015197754,2.5221543312072754,2.820784330368042,0.1599985659122467,-2.3366611003875732,7.521433353424072,6.2085981369018555,6.4049072265625,3.1284022331237793
75,0,-1.939238429069519,3.2794318199157715,-7.9325852394104,6.323437690734863,-1.6538020372390747,0.8089169859886169,5.320903301239014,3.0278115272521973,5.849917888641357,3.971099376678467,8.255731582641602,8.870047569274902
75,1,-2.0665342807769775,1.3934786319732666,-4.077252388000488,5.508207321166992,2.5178799629211426,2.80643630027771,0.15694975852966309,-2.3445959091186523,7.518604755401611,6.2176947593688965,6.401259899139404,3.1267361640930176
76,0,-1.8861584663391113,3.23555064201355,-7.902502536773682,6.291934967041016,-1.602658748626709,0.8424647450447083,5.312427997589111,3.0237247943878174,5.7981276512146,3.91545033454895,8.215554237365723,8.950655937194824
76,1,-2.079495668411255,1.417607307434082,-4.077095031738281,5.5044426918029785,2.5045268535614014,2.860002040863037,0.09168275445699692,-2.35294508934021,7.517630100250244,6.25552225112915,6.380285739898682,3.1498396396636963
77,0,-1.8624932765960693,3.2468810081481934,-7.930128574371338,6.308048248291016,-1.6383715867996216,0.842409610748291,5.318196773529053,2.9954769611358643,5.799100875854492,3.9336800575256348,8.199990272521973,8.930477142333984
77,1,-2.05191969871521,1.3927786350250244,-4.079782485961914,5.502204418182373,2.544358491897583,2.803030014038086,0.1732771396636963,-2.337507963180542,7.534958839416504,6.227723598480225,6.412881374359131,3.1243624687194824
78,0,-1.880935549736023,3.3039121627807617,-7.923591136932373,6.29915189743042,-1.6239601373672485,0.8189319968223572,5.312325954437256,2.9932920932769775,5.776145935058594,3.937716245651245,8.20808219909668,8.941596031188965
78,1,-2.0873706340789795,1.4085936546325684,-4.0513200759887695,5.50802755355835,2.488569736480713,2.886894941329956,0.04855974018573761,-2.3479950428009033,7.516907215118408,6.288794994354248,6.36341667175293,3.150951385498047
79,0,-1.8184937238693237,3.2463653087615967,-7.991031169891357,6.327511310577393,-1.686464548110962,0.9899429082870483,5.3573408126831055,2.9186360836029053,5.7987446784973145,3.965289831161499,8.16341495513916,8.945438385009766
79,1,-2.0812184810638428,1.4153125286102295,-4.059229850769043,5.502487659454346,2.536107301712036,2.9222021102905273,0.043870892375707626,-2.3344485759735107,7.533008575439453,6.294635772705078,6.374850273132324,3.143808603286743
80,0,-1.856195092201233,3.3447132110595703,-7.997433185577393,6.332583427429199,-1.7153537273406982,0.8107805848121643,5.311495780944824,2.921792984008789,5.862663745880127,3.9475016593933105,8.207836151123047,8.863424301147461
80,1,-2.0333213806152344,1.3930174112319946,-4.056830883026123,5.469701290130615,2.547607898712158,2.7978262901306152,0.14811290800571442,-2.3285582065582275,7.531641006469727,6.242563724517822,6.3929829597473145,3.1228907108306885
81,0,-1.8320896625518799,3.286820888519287,-7.912509441375732,6.261844158172607,-1.6400805711746216,0.8168435096740723,5.299145698547363,3.0069010257720947,5.80894136428833,3.8915371894836426,8.231437683105469,8.948969841003418
81,1,-2.08577823638916,1.417962670326233,-4.037213325500488,5.4883575439453125,2.48508882522583,2.9122724533081055,0.011803433299064636,-2.3458123207092285,7.503256320953369,6.301333427429199,6.335142612457275,3.134183168411255
82,0,-1.902862548828125,3.2909111976623535,-7.9877471923828125,6.342073917388916,-1.7070928812026978,0.926146388053894,5.32197380065918,2.955240249633789,5.8168182373046875,3.960097551345825,8.213473320007324,8.899507522583008
82,1,-2.024664878845215,1.3867841958999634,-4.0594987869262695,5.449538707733154,2.563946485519409,2.7884128093719482,0.15673580765724182,-2.3142755031585693,7.529059410095215,6.228682041168213,6.400761127471924,3.112914800643921
83,0,-1.813575029373169,3.284555196762085,-7.9373674392700195,6.283718109130859,-1.7003257274627686,0.8408843874931335,5.313587665557861,2.9657676219940186,5.845848083496094,3.910736083984375,8.199711799621582,8.931204795837402
83,1,-2.049093723297119,1.373805046081543,-4.010345458984375,5.468189239501953,2.5021164417266846,2.810135841369629,0.08558172732591629,-2.3070855140686035,7.508286952972412,6.266051292419434,6.379406452178955,3.1319899559020996
84,0,-1.8287659883499146,3.262709856033325,-7.99875545501709,6.3194193840026855,-1.668544888496399,0.9444869756698608,5.320974349975586,2.921776533126831,5.832772731781006,3.91532039642334,8.203878402709961,8.912553787231445
84,1,-2.055649518966675,1.3867504596710205,-4.033440113067627,5.474245071411133,2.516941547393799,2.810154438018799,0.08471376448869705,-2.315737009048462,7.505136966705322,6.2611260414123535,6.36755895614624,3.1190545558929443
85,0,-1.840012550354004,3.2620861530303955,-7.8780341148376465,6.233728408813477,-1.6356796026229858,0.7105922102928162,5.283010959625244,3.039328098297119,5.849313735961914,3.844261407852173,8.268839836120605,8.922600746154785
85,1,-2.0406904220581055,1.3577861785888672,-4.029058456420898,5.470937252044678,2.5308878421783447,2.754664659500122,0.14690937101840973,-2.3054563999176025,7.519968509674072,6.245078086853027,6.408803462982178,3.122654676437378
86,0,-1.8980743885040283,3.2799856662750244,-7.924503803253174,6.319850444793701,-1.697558045387268,0.8922190070152283,5.3232622146606445,3.0303597450256348,5.8307647705078125,3.9462902545928955,8.2145357131958,8.917915344238281
86,1,-2.057255983352661,1.3871723413467407,-4.059442520141602,5.473597049713135,2.481327772140503,2.776127338409424,0.12704643607139587,-2.30106520652771,7.521523475646973,6.242161273956299,6.3936028480529785,3.1462109088897705
87,0,-1.8616960048675537,3.2525274753570557,-7.9079132080078125,6.285419940948486,-1.6422547101974487,0.8259251713752747,5.318183898925781,3.004542589187622,5.831576347351074,3.8989009857177734,8.2192964553833,8.94832706451416
87,1,-2.065946340560913,1.3817720413208008,-4.037498950958252,5.479257106781006,2.479466199874878,2.7983829975128174,0.0927802100777626,-2.2810566425323486,7.523894309997559,6.268304824829102,6.408878803253174,3.1682052612304688
88,0,-1.8590573072433472,3.2685372829437256,-7.9390058517456055,6.293426990509033,-1.6576086282730103,0.8498117327690125,5.314770221710205,2.9956936836242676,5.837074279785156,3.9232542514801025,8.220239639282227,8.926709175109863
88,1,-2.031099796295166,1.3945449590682983,-4.05811071395874,5.453758239746094,2.4970338344573975,2.7350518703460693,0.12787075340747833,-2.3015975952148438,7.521707534790039,6.250563621520996,6.39848518371582,3.180793046951294
89,0,-1.8546091318130493,3.242553472518921,-7.91901969909668,6.2768635749816895,-1.6477466821670532,0.855309247970581,5.317455291748047,3.0029170513153076,5.807343006134033,3.910040855407715,8.213338851928711,8.958504676818848
89,1,-2.0811715126037598,1.3907843828201294,-4.039861679077148,5.500422477722168,2.4751975536346436,2.835484504699707,0.06298498809337616,-2.3172872066497803,7.5004963874816895,6.297483921051025,6.365178108215332,3.150902509689331
90,0,-1.8819019794464111,3.2402431964874268,-7.943197727203369,6.296757698059082,-1.6455771923065186,0.8491966724395752,5.318484306335449,2.9918057918548584,5.814809322357178,3.919421434402466,8.222976684570312,8.926848411560059
90,1,-2.066250801086426,1.3814282417297363,-4.022970676422119,5.486447334289551,2.517953634262085,2.825765609741211,0.07457482814788818,-2.288698196411133,7.5173540115356445,6.3000006675720215,6.399877548217773,3.1807947158813477
91,0,-1.8666892051696777,3.2719545364379883,-7.890316009521484,6.253575801849365,-1.628296971321106,0.7714123725891113,5.310368061065674,3.04341459274292,5.81757926940918,3.900935649871826,8.219564437866211,8.963942527770996
91,1,-2.0654077529907227,1.3621103763580322,-4.012860298156738,5.487590312957764,2.5149335861206055,2.795992851257324,0.10542114824056625,-2.2881267070770264,7.503159523010254,6.276467323303223,6.392687797546387,3.1469786167144775
92,0,-1.879899501800537,3.2951478958129883,-7.927427291870117,6.307237148284912,-1.6413177251815796,0.8479128479957581,5.3252973556518555,3.0136311054229736,5.826200008392334,3.9596915245056152,8.239606857299805,8.95771312713623
92,1,-2.0478148460388184,1.3616985082626343,-4.013972282409668,5.463056564331055,2.555203437805176,2.7621963024139404,0.07862148433923721,-2.271230936050415,7.4532318115234375,6.308379650115967,6.411259651184082,3.1522884368896484
93,0,-1.846085786819458,3.227165460586548,-7.97169828414917,6.317606449127197,-1.7176475524902344,0.938737154006958,5.333324432373047,2.965620994567871,5.848067760467529,3.9402127265930176,8.199475288391113,8.932602882385254
93,1,-2.0594499111175537,1.3598307371139526,-3.995814800262451,5.4624433517456055,2.5471506118774414,2.797428607940674,0.037360332906246185,-2.25321626663208,7.464862823486328,6.321849822998047,6.408211708068848,3.167973518371582
94,0,-1.8299163579940796,3.2917072772979736,-7.9082136154174805,6.255409240722656,-1.633468508720398,0.6812136769294739,5.282454967498779,3.030500888824463,5.895626544952393,3.877375841140747,8.254531860351562,8.9185791015625
94,1,-2.040893793106079,1.3477426767349243,-4.000236511230469,5.4507060050964355,2.5722010135650635,2.7703325748443604,0.06910917162895203,-2.247143507003784,7.47239875793457,6.304447650909424,6.42564058303833,3.1581456661224365
95,0,-1.8224537372589111,3.2297725677490234,-7.912339687347412,6.3118510246276855,-1.6833724975585938,0.9021204710006714,5.305141448974609,3.033207654953003,5.869762897491455,3.9371347427368164,8.224323272705078,8.9650297164917
95,1,-2.0432419776916504,1.3711289167404175,-4.006515026092529,5.4295220375061035,2.556901693344116,2.846665859222412,-0.020449675619602203,-2.2668440341949463,7.477760314941406,6.345595359802246,6.398177623748779,3.1840598583221436
96,0,-1.8469948768615723,3.25656795501709,-7.952235698699951,6.313803672790527,-1.6579300165176392,0.8184189200401306,5.296910285949707,2.992251396179199,5.8920063972473145,3.926079034805298,8.223299980163574,8.927682876586914
96,1,-2.0015525817871094,1.350955605506897,-4.007765769958496,5.405290603637695,2.59265398979187,2.7576117515563965,0.0877872183918953,-2.2337582111358643,7.481930255889893,6.279672622680664,6.4312639236450195,3.159437894821167
97,0,-1.8080562353134155,3.2637939453125,-7.92415189743042,6.299696445465088,-1.6478191614151,0.807819664478302,5.29396390914917,3.0072267055511475,5.866545677185059,3.9297103881835938,8.223104476928711,8.945093154907227
97,1,-2.020810604095459,1.329742193222046,-3.9796977043151855,5.429617881774902,2.5444881916046143,2.744459867477417,0.08238905668258667,-2.2269394397735596,7.464285373687744,6.274075031280518,6.431924343109131,3.1431403160095215
98,0,-1.8212066888809204,3.242222547531128,-7.971696376800537,6.336643218994141,-1.6870911121368408,0.9369975328445435,5.315584182739258,2.9605910778045654,5.851517200469971,3.9231109619140625,8.162012100219727,8.939988136291504
98,1,-2.021348237991333,1.3526020050048828,-3.9954378604888916,5.416714668273926,2.5474045276641846,2.743342638015747,0.03819332271814346,-2.2384300231933594,7.470235824584961,6.299076557159424,6.416806221008301,3.153710126876831
99,0,-1.8513145446777344,3.249677896499634,-7.887075901031494,6.2384419441223145,-1.568970799446106,0.7186764478683472,5.279651641845703,3.016672134399414,5.801834583282471,3.8600897789001465,8.22093677520752,8.963730812072754
99,1,-2.0228500366210938,1.353068232536316,-3.994306802749634,5.4247541427612305,2.5480093955993652,2.784743309020996,0.0343315489590168,-2.23110032081604,7.480083465576172,6.306492805480957,6.42230749130249,3.171541690826416
100,0,-1.8867322206497192,3.24033522605896,-7.922964096069336,6.303750991821289,-1.632021427154541,0.8936320543289185,5.324911594390869,3.0063445568084717,5.780529022216797,3.940556764602661,8.208564758300781,8.943228721618652
100,1,-2.012603759765625,1.3369699716567993,-3.9988465309143066,5.430622100830078,2.555004358291626,2.733525037765503,0.08212466537952423,-2.2349119186401367,7.48784875869751,6.279446125030518,6.445374011993408,3.1418774127960205
101,0,-1.8961703777313232,3.2669012546539307,-7.937236785888672,6.312158107757568,-1.64125394821167,0.835686206817627,5.319113254547119,2.974552869796753,5.8082146644592285,3.9235165119171143,8.206003189086914,8.914849281311035
101,1,-2.032761573791504,1.342903733253479,-3.9772098064422607,5.437103271484375,2.5230765342712402,2.7574353218078613,0.028338316828012466,-2.2363364696502686,7.478728771209717,6.312772274017334,6.42131233215332,3.1508290767669678
102,0,-1.8557863235473633,3.2433509826660156,-7.90524959564209,6.2821044921875,-1.619964361190796,0.8305432796478271,5.321290016174316,2.9942235946655273,5.778966903686523,3.898221492767334,8.209547996520996,8.945311546325684
102,1,-2.041938543319702,1.3320221900939941,-3.9760470390319824,5.4542155265808105,2.5419864654541016,2.7651188373565674,0.0466257706284523,-2.2256457805633545,7.489609241485596,6.311298370361328,6.438732624053955,3.1387624740600586
103,0,-1.8856121301651,3.2578604221343994,-7.900538921356201,6.273108959197998,-1.6126512289047241,0.7772284746170044,5.305288791656494,3.015758991241455,5.8077616691589355,3.906513214111328,8.221118927001953,8.931748390197754
103,1,-2.046220064163208,1.3280482292175293,-3.9576258659362793,5.449037551879883,2.5400266647338867,2.7872214317321777,0.009850840084254742,-2.210036277770996,7.491804122924805,6.325000286102295,6.447571754455566,3.1592535972595215
104,0,-1.8931242227554321,3.286163330078125,-7.901012420654297,6.292766094207764,-1.619891881942749,0.7935062050819397,5.316461563110352,3.0300142765045166,5.802394390106201,3.953214168548584,8.230318069458008,8.946621894836426
104,1,-2.033328056335449,1.319646954536438,-3.9600725173950195,5.442518711090088,2.5586819648742676,2.7673275470733643,0.036316126585006714,-2.205646514892578,7.498878002166748,6.3158440589904785,6.459170818328857,3.1551547050476074
105,0,-1.8849306106567383,3.26314115524292,-7.946878433227539,6.316413402557373,-1.665352463722229,0.8989915251731873,5.329361915588379,2.9787046909332275,5.786795139312744,3.9509568214416504,8.188056945800781,8.950287818908691
105,1,-2.0133144855499268,1.3019297122955322,-3.9608099460601807,5.442461013793945,2.568707227706909,2.691696882247925,0.0989021509885788,-2.2114460468292236,7.501576900482178,6.28789758682251,6.478021144866943,3.131359815597534
106,0,-1.8672723770141602,3.2467126846313477,-7.946497917175293,6.288842678070068,-1.638891339302063,0.8622012138366699,5.313357830047607,2.955794095993042,5.781383037567139,3.9212191104888916,8.189422607421875,8.948089599609375
106,1,-2.042473793029785,1.3182684183120728,-3.946201801300049,5.454339504241943,2.5251102447509766,2.723609209060669,0.03587396442890167,-2.2147328853607178,7.48105525970459,6.317703723907471,6.442903995513916,3.142914295196533
107,0,-1.8296701908111572,3.2544519901275635,-7.916374683380127,6.266697883605957,-1.6269170045852661,0.8140042424201965,5.303628921508789,2.9857819080352783,5.808867931365967,3.9034385681152344,8.196502685546875,8.950287818908691
107,1,-2.0395443439483643,1.3245453834533691,-3.953693151473999,5.46196174621582,2.5475757122039795,2.7587766647338867,0.022695690393447876,-2.226438522338867,7.495849132537842,6.347343444824219,6.440859317779541,3.161339044570923
108,0,-1.8636376857757568,3.265040159225464,-7.9428510665893555,6.3187575340271,-1.6690951585769653,0.9047887325286865,5.316125392913818,2.962167501449585,5.811013221740723,3.949716329574585,8.20457935333252,8.941826820373535
108,1,-2.0351450443267822,1.318215012550354,-3.9598662853240967,5.446717262268066,2.5584187507629395,2.745842695236206,0.03936664015054703,-2.2201695442199707,7.490958213806152,6.318295955657959,6.446367263793945,3.1324315071105957
109,0,-1.8543620109558105,3.2731337547302246,-7.909904956817627,6.2856125831604,-1.6316403150558472,0.7674455642700195,5.307682037353516,2.9943737983703613,5.845704555511475,3.898338794708252,8.239705085754395,8.927894592285156
109,1,-2.0183591842651367,1.3154324293136597,-3.952162027359009,5.4266357421875,2.5581376552581787,2.724858283996582,0.03888829052448273,-2.2223920822143555,7.505008220672607,6.338479518890381,6.457600116729736,3.173121452331543
110,0,-1.9017504453659058,3.2828919887542725,-7.903713703155518,6.292679309844971,-1.6221098899841309,0.7999936938285828,5.303440570831299,3.0252084732055664,5.809248447418213,3.9329710006713867,8.2449951171875,8.937641143798828
110,1,-2.038822889328003,1.288921594619751,-3.9419827461242676,5.456816673278809,2.557593822479248,2.7146260738372803,0.08043519407510757,-2.2091968059539795,7.488898754119873,6.3050031661987305,6.466270446777344,3.13059401512146
111,0,-1.8996294736862183,3.2640061378479004,-7.901892185211182,6.306166172027588,-1.6391068696975708,0.8630119562149048,5.312800884246826,3.005793809890747,5.78591775894165,3.932466983795166,8.221678733825684,8.951289176940918
111,1,-2.032134771347046,1.3102895021438599,-3.9250903129577637,5.43734073638916,2.542609930038452,2.7345571517944336,0.00948396697640419,-2.220457077026367,7.490738391876221,6.359957695007324,6.446372032165527,3.1777145862579346
112,0,-1.8243640661239624,3.227956533432007,-7.911580562591553,6.278221607208252,-1.6342549324035645,0.8608382344245911,5.323544502258301,2.979243755340576,5.803735733032227,3.914232015609741,8.193243026733398,8.966703414916992
112,1,-2.031179428100586,1.3273152112960815,-3.9550094604492188,5.435922145843506,2.5648627281188965,2.7700488567352295,0.0062563456594944,-2.237685203552246,7.490635871887207,6.353399276733398,6.418707847595215,3.1552023887634277
113,0,-1.8561575412750244,3.2773025035858154,-7.945888042449951,6.306847095489502,-1.6805585622787476,0.8412309288978577,5.305754661560059,2.9751954078674316,5.854345321655273,3.9397878646850586,8.212241172790527,8.908397674560547
113,1,-2.005204677581787,1.3308885097503662,-3.9637768268585205,5.398671627044678,2.574965000152588,2.7544195652008057,0.017722805961966515,-2.2320663928985596,7.500936985015869,6.344982147216797,6.4320807456970215,3.1676294803619385
114,0,-1.8482626676559448,3.2643041610717773,-7.934182643890381,6.301718711853027,-1.6537610292434692,0.8691967129707336,5.300961494445801,2.9787673950195312,5.842055320739746,3.9199624061584473,8.192867279052734,8.935223579406738
114,1,-2.009286642074585,1.3233404159545898,-3.951267957687378,5.394268035888672,2.569477081298828,2.758923292160034,0.008827969431877136,-2.2219603061676025,7.489168643951416,6.347769737243652,6.425975322723389,3.167276382446289
115,0,-1.8378278017044067,3.246731758117676,-7.921571254730225,6.283912658691406,-1.6342525482177734,0.8500369787216187,5.30043363571167,2.9871790409088135,5.830404281616211,3.9065937995910645,8.209200859069824,8.954448699951172
115,1,-2.011561632156372,1.3118839263916016,-3.9486606121063232,5.40558385848999,2.5709898471832275,2.7446095943450928,0.03082325868308544,-2.2248337268829346,7.4855265617370605,6.339296340942383,6.4292378425598145,3.1685142517089844
116,0,-1.8636518716812134,3.259918689727783,-7.95205545425415,6.317935466766357,-1.6983122825622559,0.8860719799995422,5.302628040313721,2.970644235610962,5.851022720336914,3.939638137817383,8.194273948669434,8.9147367477417
116,1,-2.0051445960998535,1.3130398988723755,-3.953474521636963,5.400125026702881,2.5653796195983887,2.70076847076416,0.050323985517024994,-2.2300777435302734,7.475877285003662,6.315675258636475,6.426300525665283,3.1426124572753906
117,0,-1.859015703201294,3.251962900161743,-7.905843257904053,6.267491817474365,-1.6089975833892822,0.8064315915107727,5.289604663848877,2.9935126304626465,5.803187370300293,3.8872199058532715,8.213659286499023,8.955042839050293
117,1,-2.00158429145813,1.3227829933166504,-3.9542181491851807,5.391171932220459,2.556373357772827,2.7099411487579346,0.029551245272159576,-2.2342424392700195,7.476627826690674,6.332362651824951,6.418835639953613,3.156465768814087
118,0,-1.8719476461410522,3.250812292098999,-7.938473224639893,6.314338207244873,-1.6536221504211426,0.9081295132637024,5.310781478881836,2.9660279750823975,5.796844005584717,3.944188356399536,8.200326919555664,8.92989730834961
118,1,-1.998207688331604,1.3194119930267334,-3.9571938514709473,5.3961029052734375,2.569047689437866,2.7037997245788574,0.04075096920132637,-2.2319893836975098,7.4800825119018555,6.327829837799072,6.425405502319336,3.1582601070404053
119,0,-1.8302624225616455,3.225207567214966,-7.945047855377197,6.292105674743652,-1.6853058338165283,0.9070800542831421,5.312735080718994,2.9565887451171875,5.826253890991211,3.9104788303375244,8.180052757263184,8.937444686889648
119,1,-2.00846004486084,1.3216156959533691,-3.9545276165008545,5.402819633483887,2.555786609649658,2.7231531143188477,0.02053767815232277,-2.234025239944458,7.475696563720703,6.337519645690918,6.416645526885986,3.1583454608917236
120,0,-1.811664342880249,3.262892484664917,-7.887895107269287,6.253468990325928,-1.626828670501709,0.7657594084739685,5.283870220184326,3.0134589672088623,5.846038818359375,3.8866169452667236,8.253554344177246,8.94894790649414
120,1,-2.009817361831665,1.3277137279510498,-3.9568002223968506,5.401697158813477,2.565180778503418,2.73964786529541,0.0049497708678245544,-2.2337708473205566,7.482433319091797,6.348180770874023,6.417337417602539,3.164154291152954
121,0,-1.8215851783752441,3.2204275131225586,-7.910823345184326,6.302900314331055,-1.692915678024292,0.8650052547454834,5.291460037231445,3.025286912918091,5.903582572937012,3.921241283416748,8.264013290405273,8.918227195739746
121,1,-2.0016653537750244,1.3180862665176392,-3.9589269161224365,5.396822452545166,2.5775558948516846,2.727773904800415,0.02761674113571644,-2.2302627563476562,7.483630180358887,6.335434436798096,6.427762508392334,3.159282684326172
122,0,-1.9342129230499268,3.263500213623047,-7.885214805603027,6.286773204803467,-1.6318414211273193,0.7452951669692993,5.279138088226318,3.066863775253296,5.857880592346191,3.9086172580718994,8.252366065979004,8.912861824035645
122,1,-2.002270460128784,1.317697525024414,-3.953857660293579,5.395265102386475,2.5641164779663086,2.7161545753479004,0.027492430061101913,-2.2285749912261963,7.475579261779785,6.330049991607666,6.422201156616211,3.16001033782959
123,0,-1.8323729038238525,3.215620517730713,-7.866587162017822,6.25554895401001,-1.5782256126403809,0.824474036693573,5.294059753417969,3.0619359016418457,5.812907695770264,3.899639368057251,8.228729248046875,9.00273609161377
123,1,-2.0026862621307373,1.3174482583999634,-3.9568705558776855,5.3974690437316895,2.57055401802063,2.7118732929229736,0.030506744980812073,-2.2328274250030518,7.477926254272461,6.333153247833252,6.424257755279541,3.158048391342163
124,0,-1.8142331838607788,3.2660281658172607,-7.966593265533447,6.348318576812744,-1.7072570323944092,0.9403557777404785,5.323845863342285,2.96463680267334,5.875699996948242,3.9732859134674072,8.199775695800781,8.929819107055664
124,1,-2.003972291946411,1.3180396556854248,-3.9560437202453613,5.399466514587402,2.565326452255249,2.714318037033081,0.02896374836564064,-2.2304625511169434,7.476326942443848,6.330467224121094,6.4230852127075195,3.157320499420166
125,0,-1.8400408029556274,3.257188320159912,-7.93007230758667,6.278482913970947,-1.6280733346939087,0.7881146669387817,5.29797887802124,2.983070135116577,5.837894439697266,3.9015605449676514,8.20960521697998,8.937057495117188
125,1,-2.003633975982666,1.319551706314087,-3.955603837966919,5.397066593170166,2.5630242824554443,2.7107253074645996,0.028781745582818985,-2.2307963371276855,7.479796409606934,6.333889961242676,6.423228740692139,3.158907651901245
126,0,-1.84050714969635,3.2052457332611084,-7.932802677154541,6.2751874923706055,-1.6458499431610107,0.8965365886688232,5.311341762542725,2.9949536323547363,5.80151891708374,3.91001558303833,8.192619323730469,8.957133293151855
126,1,-2.0096633434295654,1.3215289115905762,-3.958353281021118,5.402132034301758,2.560237169265747,2.720310688018799,0.023283157497644424,-2.234462261199951,7.478470325469971,6.334599494934082,6.4203572273254395,3.1525394916534424
127,0,-1.870373010635376,3.276516914367676,-7.915910720825195,6.279219627380371,-1.6149569749832153,0.7480664849281311,5.28243350982666,3.0206966400146484,5.838201999664307,3.913329601287842,8.241522789001465,8.92136001586914
127,1,-1.998564600944519,1.321441888809204,-3.9595401287078857,5.400635242462158,2.56976580619812,2.712067127227783,0.030525915324687958,-2.236747980117798,7.486987113952637,6.339863300323486,6.430011749267578,3.160043716430664
128,0,-1.8555655479431152,3.224215030670166,-7.934702396392822,6.327371120452881,-1.6642920970916748,0.958077073097229,5.32882022857666,2.9860761165618896,5.7816548347473145,3.9653193950653076,8.192328453063965,8.957100868225098
128,1,-1.998868465423584,1.3096846342086792,-3.9672398567199707,5.405481815338135,2.5673744678497314,2.6759419441223145,0.07609883695840836,-2.2391297817230225,7.480657577514648,6.3078765869140625,6.434756278991699,3.142089366912842
129,0,-1.8404686450958252,3.2631983757019043,-7.953037261962891,6.286744117736816,-1.640669584274292,0.8366286754608154,5.300023078918457,2.9584426879882812,5.826121807098389,3.9016997814178467,8.20227336883545,8.931283950805664
129,1,-2.016770601272583,1.330120325088501,-3.9488282203674316,5.4111175537109375,2.544523000717163,2.748479127883911,-0.020989708602428436,-2.23982572555542,7.4764275550842285,6.362210273742676,6.412521839141846,3.1685659885406494
130,0,-1.846563696861267,3.2625155448913574,-7.951746463775635,6.298607349395752,-1.672762393951416,0.8853855729103088,5.311721324920654,2.975339651107788,5.827875137329102,3.9290411472320557,8.195155143737793,8.925765991210938
130,1,-1.9967544078826904,1.3304272890090942,-3.9674060344696045,5.404191493988037,2.5793185234069824,2.720790147781372,0.034446366131305695,-2.236767530441284,7.493737697601318,6.337924957275391,6.424765586853027,3.1526577472686768
131,0,-1.8397382497787476,3.2560834884643555,-7.941509246826172,6.301797389984131,-1.6586439609527588,0.8752560019493103,5.302131652832031,2.9605228900909424,5.827877044677734,3.9105541706085205,8.199589729309082,8.935394287109375
131,1,-2.0043156147003174,1.323843002319336,-3.9618146419525146,5.4014892578125,2.561629295349121,2.733153820037842,0.021499183028936386,-2.2407753467559814,7.483050346374512,6.334316253662109,6.420681953430176,3.152054786682129
132,0,-1.852408528327942,3.2487235069274902,-7.923101902008057,6.291593551635742,-1.6330045461654663,0.8611411452293396,5.309475421905518,2.9715967178344727,5.790715217590332,3.914686679840088,8.215272903442383,8.941993713378906
132,1,-2.001509189605713,1.3201159238815308,-3.965996026992798,5.393002033233643,2.5686357021331787,2.7143874168395996,0.03811232000589371,-2.235201120376587,7.485541820526123,6.325968265533447,6.430931091308594,3.1552846431732178
133,0,-1.841374158859253,3.232959032058716,-7.93929386138916,6.292069435119629,-1.681220293045044,0.9078006744384766,5.31320333480835,2.9595277309417725,5.810646057128906,3.921315908432007,8.191181182861328,8.93549919128418
133,1,-2.0156795978546143,1.3075196743011475,-3.9427194595336914,5.402833938598633,2.564075231552124,2.7382237911224365,0.013447346165776253,-2.215003728866577,7.484520435333252,6.341184616088867,6.437680721282959,3.158829689025879
134,0,-1.8275132179260254,3.2691307067871094,-7.927823543548584,6.278400421142578,-1.66887629032135,0.8286505937576294,5.3059797286987305,2.9811911582946777,5.840254783630371,3.901580810546875,8.198637008666992,8.92680549621582
134,1,-2.001600503921509,1.3080757856369019,-3.9486277103424072,5.398299217224121,2.5731630325317383,2.696833372116089,0.04432906582951546,-2.2194275856018066,7.487216472625732,6.32607364654541,6.442116737365723,3.1675052642822266
135,0,-1.829935073852539,3.2421398162841797,-7.911067962646484,6.283776760101318,-1.6518179178237915,0.8608540892601013,5.300509452819824,3.0004332065582275,5.846108913421631,3.894277572631836,8.220335960388184,8.9420166015625
135,1,-2.010558605194092,1.317155361175537,-3.955808162689209,5.407658100128174,2.56320858001709,2.728104591369629,0.016600489616394043,-2.2361080646514893,7.476194858551025,6.336495876312256,6.4236226081848145,3.154900074005127
136,0,-1.8554562330245972,3.251682758331299,-7.900376796722412,6.287013530731201,-1.6771763563156128,0.8101564645767212,5.284139156341553,3.0276896953582764,5.876728057861328,3.905142307281494,8.24233627319336,8.925492286682129
136,1,-1.9982129335403442,1.3220516443252563,-3.9570910930633545,5.398173809051514,2.572049140930176,2.7191038131713867,0.03149125725030899,-2.2283520698547363,7.4889068603515625,6.333353042602539,6.432460784912109,3.1613962650299072
137,0,-1.8587241172790527,3.2345499992370605,-7.866930961608887,6.257446765899658,-1.6063776016235352,0.7714189887046814,5.282985210418701,3.062623977661133,5.834542751312256,3.8997180461883545,8.25058364868164,8.966288566589355
137,1,-2.002047061920166,1.3217885494232178,-3.9582650661468506,5.400293350219727,2.564079523086548,2.7224764823913574,0.025814808905124664,-2.2371950149536133,7.484825134277344,6.33512544631958,6.424890518188477,3.1557435989379883
138,0,-1.8837475776672363,3.2777671813964844,-7.908864498138428,6.301516056060791,-1.6559199094772339,0.7958066463470459,5.291182518005371,3.049398183822632,5.889498233795166,3.9585678577423096,8.258910179138184,8.927350997924805
138,1,-2.003436326980591,1.3189631700515747,-3.9609858989715576,5.403617858886719,2.567631721496582,2.7204577922821045,0.03199232742190361,-2.235938787460327,7.485052108764648,6.333136558532715,6.428866386413574,3.153822660446167
139,0,-1.9112626314163208,3.2464439868927,-7.927414894104004,6.286013126373291,-1.6017260551452637,0.8672710061073303,5.308573246002197,3.02374529838562,5.804846286773682,3.9290921688079834,8.218330383300781,8.975725173950195
139,1,-2.004279136657715,1.319650411605835,-3.957645893096924,5.398719787597656,2.5633485317230225,2.715491771697998,0.02935658022761345,-2.2326066493988037,7.482675552368164,6.332898139953613,6.42730712890625,3.158115863800049
140,0,-1.8638654947280884,3.270913600921631,-7.917985439300537,6.279407501220703,-1.6203083992004395,0.8070504069328308,5.300251007080078,3.0097591876983643,5.805313587188721,3.9285032749176025,8.215497016906738,8.9631986618042
140,1,-2.003908157348633,1.323752522468567,-3.9577174186706543,5.401642322540283,2.5666158199310303,2.730355978012085,0.017109468579292297,-2.23606538772583,7.484076023101807,6.34108829498291,6.423481464385986,3.1610770225524902
141,0,-1.8573025465011597,3.2455365657806396,-7.948668479919434,6.301703453063965,-1.656838059425354,0.9071428775787354,5.326456069946289,2.975356101989746,5.801218509674072,3.944561243057251,8.197970390319824,8.94727897644043
141,1,-2.0015063285827637,1.3203331232070923,-3.959198474884033,5.400485992431641,2.570934295654297,2.719590187072754,0.031080083921551704,-2.2327425479888916,7.481987953186035,6.33203125,6.426412582397461,3.156752586364746
142,0,-1.79611074924469,3.232390880584717,-7.9459404945373535,6.29127836227417,-1.6952564716339111,0.8411223888397217,5.304594993591309,2.973275899887085,5.881231784820557,3.916262626647949,8.209460258483887,8.925240516662598
142,1,-2.0020389556884766,1.3218462467193604,-3.9571893215179443,5.398690223693848,2.5669124126434326,2.7180259227752686,0.029322296380996704,-2.2346482276916504,7.479770183563232,6.33291482925415,6.426068305969238,3.15781831741333
143,0,-1.8762702941894531,3.274076223373413,-7.902441024780273,6.270137786865234,-1.6334048509597778,0.7339643836021423,5.284224987030029,3.0390799045562744,5.8558669090271,3.9182159900665283,8.253623962402344,8.930404663085938
143,1,-2.00297474861145,1.3204319477081299,-3.959223747253418,5.40053129196167,2.5661368370056152,2.7162210941314697,0.03402560576796532,-2.2343454360961914,7.482700347900391,6.3321685791015625,6.4269022941589355,3.1578922271728516
144,0,-1.8679403066635132,3.234954595565796,-7.971550941467285,6.344078540802002,-1.6724696159362793,1.0110653638839722,5.323095321655273,2.957719087600708,5.789299011230469,3.963662624359131,8.15585708618164,8.954354286193848
144,1,-2.002474069595337,1.3212512731552124,-3.958277702331543,5.3991217613220215,2.565444231033325,2.7136447429656982,0.027999650686979294,-2.23647403717041,7.482178211212158,6.335998058319092,6.4254536628723145,3.1574912071228027
145,0,-1.8490790128707886,3.242246627807617,-7.941826820373535,6.283288955688477,-1.6242130994796753,0.8404669165611267,5.3026041984558105,2.9413764476776123,5.798557281494141,3.8893160820007324,8.186718940734863,8.950023651123047
145,1,-2.0074634552001953,1.324314832687378,-3.958272933959961,5.404342174530029,2.5638434886932373,2.729968547821045,0.016880221664905548,-2.236217975616455,7.482576847076416,6.340888500213623,6.421471118927002,3.15710711479187
146,0,-1.8195374011993408,3.2511496543884277,-7.9263997077941895,6.270133018493652,-1.6459676027297974,0.8512044548988342,5.299467086791992,2.9744930267333984,5.795389652252197,3.9045474529266357,8.207752227783203,8.946194648742676
146,1,-1.9981974363327026,1.318027138710022,-3.9588024616241455,5.40165901184082,2.571582078933716,2.7107653617858887,0.03566206246614456,-2.2343013286590576,7.486931800842285,6.3329033851623535,6.430247783660889,3.1555697917938232
147,0,-1.864587664604187,3.27099871635437,-7.924546718597412,6.296128273010254,-1.6700772047042847,0.8382598161697388,5.309815406799316,2.989032506942749,5.8299736976623535,3.9211537837982178,8.220705032348633,8.918964385986328
147,1,-2.0085232257843018,1.3218454122543335,-3.959212064743042,5.402904987335205,2.5601179599761963,2.725270986557007,0.01726463995873928,-2.236811876296997,7.478590965270996,6.3348164558410645,6.4186625480651855,3.1542131900787354
148,0,-1.857229471206665,3.260727882385254,-7.920324325561523,6.298935890197754,-1.6465768814086914,0.8342595100402832,5.314577579498291,2.9948556423187256,5.827780246734619,3.923644781112671,8.219095230102539,8.931516647338867
148,1,-2.0014686584472656,1.3234184980392456,-3.9580392837524414,5.399115085601807,2.5659539699554443,2.720837116241455,0.025592336431145668,-2.2324185371398926,7.486115455627441,6.336964130401611,6.427855014801025,3.1589410305023193
149,0,-1.8858489990234375,3.2355098724365234,-7.915478706359863,6.281442642211914,-1.637580156326294,0.8619930148124695,5.31125020980835,3.000187635421753,5.795297145843506,3.9050328731536865,8.2178373336792,8.947359085083008
149,1,-2.0017285346984863,1.319201946258545,-3.959106206893921,5.400393486022949,2.5671474933624268,2.720839262008667,0.02909763716161251,-2.2341620922088623,7.484886646270752,6.332726955413818,6.42655611038208,3.155081272125244
150,0,-1.8744412660598755,3.2454030513763428,-7.885196208953857,6.258243083953857,-1.6098147630691528,0.7987399101257324,5.30264139175415,3.0175373554229736,5.785250663757324,3.9013919830322266,8.229070663452148,8.961514472961426
150,1,-2.0048739910125732,1.3161680698394775,-3.9590628147125244,5.39906120300293,2.567495346069336,2.7182912826538086,0.03031623363494873,-2.2327914237976074,7.484981536865234,6.330960273742676,6.429566860198975,3.1580357551574707
151,0,-1.8242712020874023,3.1933515071868896,-7.917408466339111,6.295680046081543,-1.6604804992675781,0.8947544693946838,5.313187122344971,2.9878129959106445,5.841091632843018,3.9203970432281494,8.231000900268555,8.94016170501709
151,1,-2.0042526721954346,1.319309115409851,-3.957526683807373,5.395413398742676,2.5671403408050537,2.71359920501709,0.02988576702773571,-2.232196807861328,7.481356620788574,6.329530715942383,6.428342819213867,3.1603777408599854
152,0,-1.8784805536270142,3.2549357414245605,-7.906994342803955,6.286946773529053,-1.6631700992584229,0.7826551795005798,5.294458866119385,3.0143625736236572,5.856530666351318,3.9392642974853516,8.222664833068848,8.919611930847168
152,1,-2.005092144012451,1.3231977224349976,-3.956605911254883,5.400447845458984,2.5666584968566895,2.731137990951538,0.017419949173927307,-2.2362866401672363,7.48420524597168,6.3408522605896,6.424750328063965,3.1618902683258057
153,0,-1.8466705083847046,3.2729012966156006,-7.9056010246276855,6.286186695098877,-1.6178536415100098,0.8457210063934326,5.318700313568115,3.004464626312256,5.804709434509277,3.9521069526672363,8.199979782104492,8.9886474609375
153,1,-2.0008513927459717,1.3207571506500244,-3.958646297454834,5.398187160491943,2.571751356124878,2.718165874481201,0.032085075974464417,-2.2332894802093506,7.483575820922852,6.331277370452881,6.428072929382324,3.1579949855804443
154,0,-1.8346658945083618,3.245394706726074,-8.049016952514648,6.36472225189209,-1.7563822269439697,1.053794264793396,5.347715377807617,2.882202386856079,5.890388011932373,3.9766106605529785,8.162881851196289,8.897623062133789
154,1,-2.0040676593780518,1.320493459701538,-3.957366466522217,5.3990325927734375,2.566002130508423,2.7182259559631348,0.028488347306847572,-2.2342348098754883,7.480673789978027,6.33386754989624,6.426582336425781,3.1574504375457764
155,0,-1.8354837894439697,3.2642674446105957,-7.8871283531188965,6.221932411193848,-1.6128062009811401,0.6680843234062195,5.263947010040283,3.0153181552886963,5.852561950683594,3.842865467071533,8.2475004196167,8.941015243530273
155,1,-2.004746198654175,1.3209168910980225,-3.9583661556243896,5.40066385269165,2.5651748180389404,2.7201921939849854,0.027706541121006012,-2.2344777584075928,7.48362922668457,6.335672855377197,6.425386428833008,3.157141923904419
156,0,-1.841691017150879,3.216050863265991,-7.908051013946533,6.300625324249268,-1.6557987928390503,0.9302282333374023,5.3051042556762695,3.021705389022827,5.7924909591674805,3.931145668029785,8.208271026611328,8.964249610900879
156,1,-2.0025851726531982,1.3205420970916748,-3.957364797592163,5.400871276855469,2.568910837173462,2.719435214996338,0.026188591495156288,-2.2335290908813477,7.483540058135986,6.334595680236816,6.425849437713623,3.1583099365234375
157,0,-1.8495829105377197,3.2524914741516113,-7.888152599334717,6.2852935791015625,-1.6548426151275635,0.7995656132698059,5.305758476257324,3.01682186126709,5.835137844085693,3.9104137420654297,8.235032081604004,8.946821212768555
157,1,-2.001466751098633,1.3196325302124023,-3.9587466716766357,5.400172710418701,2.5692172050476074,2.71708083152771,0.03019273653626442,-2.2335205078125,7.482598781585693,6.331244945526123,6.427459716796875,3.1571927070617676
158,0,-1.8264479637145996,3.2538528442382812,-7.919065475463867,6.28764009475708,-1.664009928703308,0.847909688949585,5.298004627227783,3.0056517124176025,5.863030910491943,3.926947593688965,8.236132621765137,8.939628601074219
158,1,-1.9969191551208496,1.3146377801895142,-3.959862232208252,5.404218673706055,2.5683774948120117,2.6881296634674072,0.05953458324074745,-2.2371997833251953,7.4849138259887695,6.321230411529541,6.433933734893799,3.1469690799713135
159,0,-1.8592031002044678,3.2540078163146973,-7.925343990325928,6.299890518188477,-1.6315770149230957,0.8518537282943726,5.2929768562316895,2.996685743331909,5.844447612762451,3.927267074584961,8.248173713684082,8.935643196105957
159,1,-2.015070915222168,1.3221771717071533,-3.956810235977173,5.411611557006836,2.5515997409820557,2.7192089557647705,0.019838357344269753,-2.243281126022339,7.476959228515625,6.337612628936768,6.418432712554932,3.1481032371520996
160,0,-1.8297864198684692,3.257997751235962,-7.897900104522705,6.276561260223389,-1.632918357849121,0.8083650469779968,5.295736312866211,3.01505184173584,5.842793941497803,3.8965182304382324,8.245807647705078,8.946404457092285
160,1,-1.9998822212219238,1.32022225856781,-3.9579315185546875,5.406131267547607,2.5753042697906494,2.7074368000030518,0.03791699558496475,-2.2330322265625,7.490477085113525,6.335620403289795,6.43835973739624,3.156494379043579
161,0,-1.86838960647583,3.297884464263916,-7.939576625823975,6.319841384887695,-1.6768893003463745,0.8481980562210083,5.312436580657959,2.9952127933502197,5.859610557556152,3.953333854675293,8.215261459350586,8.923322677612305
161,1,-2.0081818103790283,1.3243327140808105,-3.9544382095336914,5.409767150878906,2.5572152137756348,2.7425339221954346,0.007802266627550125,-2.235532522201538,7.482542991638184,6.340578556060791,6.422186851501465,3.1589598655700684
162,0,-1.815698266029358,3.2867398262023926,-7.937744140625,6.315825939178467,-1.6881775856018066,0.8842785358428955,5.327336311340332,2.9633500576019287,5.83336067199707,3.962125062942505,8.183688163757324,8.949748992919922
162,1,-1.9984725713729858,1.3173059225082397,-3.961402654647827,5.394669055938721,2.5766348838806152,2.726008892059326,0.027939341962337494,-2.225541830062866,7.491765022277832,6.329419136047363,6.439413547515869,3.1629724502563477
163,0,-1.8456177711486816,3.3231232166290283,-7.986975193023682,6.317999839782715,-1.6625430583953857,0.8894364237785339,5.343289375305176,2.918056011199951,5.784131050109863,3.9548397064208984,8.174036979675293,8.932193756103516
163,1,-1.98600172996521,1.3053672313690186,-3.9613842964172363,5.394598484039307,2.5760397911071777,2.667665719985962,0.08300095051527023,-2.2317590713500977,7.491214275360107,6.30734395980835,6.451669216156006,3.148940086364746
164,0,-1.8221616744995117,3.294459581375122,-8.02137565612793,6.294142723083496,-1.7375681400299072,0.9900562763214111,5.341141700744629,2.888479232788086,5.799776077270508,3.9501798152923584,8.138151168823242,8.919282913208008
164,1,-2.0253653526306152,1.2885545492172241,-3.9355525970458984,5.432534217834473,2.5497684478759766,2.68062686920166,0.06909634917974472,-2.21602463722229,7.470803260803223,6.309232234954834,6.4482293128967285,3.1217586994171143
165,0,-1.8249412775039673,3.31575608253479,-8.001298904418945,6.257557392120361,-1.6997531652450562,0.8344209790229797,5.328473091125488,2.9376091957092285,5.856207370758057,3.8847203254699707,8.196924209594727,8.892287254333496
165,1,-2.056195020675659,1.2999143600463867,-3.9084370136260986,5.439957618713379,2.5404787063598633,2.7894439697265625,-0.048628587275743484,-2.1955370903015137,7.484002113342285,6.382915496826172,6.441556453704834,3.18285870552063
166,0,-1.8490750789642334,3.2852561473846436,-8.036219596862793,6.322054862976074,-1.7897391319274902,1.0118918418884277,5.360144138336182,2.920093297958374,5.857453346252441,3.961674928665161,8.151296615600586,8.879505157470703
166,1,-2.033114194869995,1.2945539951324463,-3.923743486404419,5.42390251159668,2.585376024246216,2.774686336517334,-0.004054468125104904,-2.1824374198913574,7.498305320739746,6.353331565856934,6.456502914428711,3.1728262901306152
167,0,-1.7778478860855103,3.285754919052124,-7.987438201904297,6.2898850440979,-1.7441102266311646,0.8721768260002136,5.319492816925049,2.9422426223754883,5.891090393066406,3.8765010833740234,8.18403148651123,8.901668548583984
167,1,-2.0369083881378174,1.31027090549469,-3.9118106365203857,5.429624080657959,2.572049379348755,2.852858066558838,-0.07021578401327133,-2.194098711013794,7.494603157043457,6.3795552253723145,6.436896800994873,3.1713767051696777
168,0,-1.8001196384429932,3.243281841278076,-7.9138383865356445,6.235696315765381,-1.6830110549926758,0.8116194009780884,5.296522617340088,3.033527374267578,5.879476070404053,3.829716444015503,8.253312110900879,8.936018943786621
168,1,-1.9988534450531006,1.2803350687026978,-3.9094011783599854,5.395424842834473,2.5968563556671143,2.741215944290161,0.04381498694419861,-2.160900354385376,7.497812271118164,6.314282417297363,6.473722457885742,3.154543399810791
169,0,-1.9284095764160156,3.300199031829834,-7.901947975158691,6.273312091827393,-1.641893744468689,0.7817149758338928,5.306177616119385,3.063445568084717,5.836884021759033,3.8967154026031494,8.260435104370117,8.929094314575195
169,1,-2.025210380554199,1.3074887990951538,-3.8990142345428467,5.403964042663574,2.533419132232666,2.786853075027466,-0.05206538736820221,-2.198312759399414,7.4775543212890625,6.363064289093018,6.413155555725098,3.1563706398010254
170,0,-1.8385179042816162,3.2343575954437256,-7.92962121963501,6.298314094543457,-1.6987547874450684,0.9359562397003174,5.350942134857178,3.0090341567993164,5.854864120483398,3.9260072708129883,8.220285415649414,8.957520484924316
170,1,-2.016852378845215,1.3045347929000854,-3.9096763134002686,5.407846927642822,2.5645604133605957,2.778228521347046,-0.012714223936200142,-2.184558391571045,7.488251686096191,6.338987350463867,6.429702281951904,3.1237964630126953
171,0,-1.8308677673339844,3.327645778656006,-7.953069686889648,6.310772895812988,-1.7251368761062622,0.7533861994743347,5.312347888946533,3.0047380924224854,5.9549431800842285,3.936601400375366,8.253622055053711,8.883796691894531
171,1,-1.9853976964950562,1.297264575958252,-3.9100635051727295,5.383326053619385,2.5585126876831055,2.6929876804351807,0.04171372950077057,-2.1931869983673096,7.490654945373535,6.316610336303711,6.443192005157471,3.136291980743408
172,0,-1.8326935768127441,3.2740039825439453,-7.933608531951904,6.291664123535156,-1.6629700660705566,0.8871421217918396,5.334430694580078,3.013188600540161,5.8492045402526855,3.9233317375183105,8.207290649414062,8.973345756530762
172,1,-2.0054218769073486,1.3024303913116455,-3.934176206588745,5.401988506317139,2.5290982723236084,2.6959035396575928,0.03435824066400528,-2.2222893238067627,7.474804401397705,6.310561656951904,6.4158759117126465,3.105513572692871
173,0,-1.8889164924621582,3.243594169616699,-7.974277496337891,6.318994998931885,-1.6833271980285645,0.8611445426940918,5.321986198425293,2.9749646186828613,5.866522789001465,3.903350591659546,8.208918571472168,8.912561416625977
173,1,-2.001660108566284,1.3231356143951416,-3.925473690032959,5.3985981941223145,2.530402421951294,2.723268747329712,-0.016024965792894363,-2.214517593383789,7.490696907043457,6.3505706787109375,6.420373916625977,3.138709306716919
174,0,-1.8858349323272705,3.2215070724487305,-7.855445384979248,6.2324538230896,-1.5805696249008179,0.7175021171569824,5.279089450836182,3.0637965202331543,5.809049606323242,3.8425867557525635,8.246103286743164,8.96558666229248
174,1,-1.9923189878463745,1.316753625869751,-3.9348151683807373,5.403627872467041,2.5455169677734375,2.696244239807129,0.025735562667250633,-2.219088315963745,7.494054317474365,6.332469463348389,6.423670768737793,3.1280105113983154
175,0,-1.8937864303588867,3.2097744941711426,-7.859567165374756,6.293169021606445,-1.5716300010681152,0.8264522552490234,5.30692720413208,3.049574375152588,5.782532691955566,3.9031968116760254,8.223329544067383,8.988348007202148
175,1,-2.0165889263153076,1.3228175640106201,-3.937450885772705,5.409398555755615,2.5272936820983887,2.7298243045806885,-0.012038648128509521,-2.229367256164551,7.482700824737549,6.346212863922119,6.411593914031982,3.1300771236419678
176,0,-1.8787072896957397,3.2827372550964355,-7.873000144958496,6.317304611206055,-1.6251864433288574,0.789444625377655,5.318405628204346,3.010526657104492,5.797145843505859,3.9611430168151855,8.209967613220215,8.974239349365234
176,1,-2.0101821422576904,1.3203552961349487,-3.9336633682250977,5.40238618850708,2.547745943069458,2.7616689205169678,-0.02863902598619461,-2.2149267196655273,7.5027875900268555,6.3620452880859375,6.434141159057617,3.152958631515503
177,0,-1.9007242918014526,3.253478527069092,-7.99360990524292,6.360689640045166,-1.6644392013549805,1.0084651708602905,5.348543167114258,2.898158550262451,5.778934955596924,3.9722325801849365,8.146997451782227,8.937206268310547
177,1,-1.995548129081726,1.3111540079116821,-3.932443141937256,5.390112400054932,2.561741352081299,2.7462446689605713,-0.00655573233962059,-2.2058005332946777,7.5014190673828125,6.338947772979736,6.4432597160339355,3.1533124446868896
178,0,-1.8190226554870605,3.257230043411255,-7.890344142913818,6.228092193603516,-1.6048102378845215,0.7434684634208679,5.291615009307861,2.965601682662964,5.779212474822998,3.870473623275757,8.195860862731934,8.985756874084473
178,1,-1.9842804670333862,1.2934585809707642,-3.932457447052002,5.381246089935303,2.5673646926879883,2.6982643604278564,0.04287019371986389,-2.1996259689331055,7.498627662658691,6.309506416320801,6.46013069152832,3.146267890930176
179,0,-1.8822858333587646,3.313586473464966,-7.956057071685791,6.3329877853393555,-1.6527292728424072,0.9021990299224854,5.334877967834473,2.942992687225342,5.7813520431518555,3.9758310317993164,8.178905487060547,8.92823314666748
179,1,-1.9944685697555542,1.297531008720398,-3.9292306900024414,5.387283802032471,2.5493311882019043,2.6838810443878174,0.030491957440972328,-2.210496187210083,7.48923397064209,6.318510055541992,6.446280002593994,3.1449646949768066
180,0,-1.8822479248046875,3.2581000328063965,-7.937349319458008,6.284773826599121,-1.6420913934707642,0.891184389591217,5.326296329498291,2.9465291500091553,5.785037517547607,3.9038801193237305,8.194087982177734,8.945293426513672
180,1,-2.007502317428589,1.3179218769073486,-3.920520782470703,5.39443826675415,2.5451207160949707,2.7631566524505615,-0.04440812021493912,-2.209972620010376,7.493803024291992,6.361214637756348,6.425470352172852,3.1645493507385254
181,0,-1.8539177179336548,3.2833704948425293,-7.888125896453857,6.255760669708252,-1.6402783393859863,0.7372327446937561,5.305164813995361,3.0053536891937256,5.824779987335205,3.901071310043335,8.23892879486084,8.932022094726562
181,1,-2.0066616535186768,1.323718786239624,-3.930246353149414,5.388148784637451,2.5589146614074707,2.7839479446411133,-0.04083728790283203,-2.2052555084228516,7.498601913452148,6.356009006500244,6.423438549041748,3.1554336547851562
182,0,-1.8791483640670776,3.2620034217834473,-7.915655612945557,6.316206932067871,-1.669057011604309,0.8694811463356018,5.318497180938721,3.0038702487945557,5.827262878417969,3.947868824005127,8.229655265808105,8.922877311706543
182,1,-2.024872064590454,1.3101152181625366,-3.9012014865875244,5.408781051635742,2.5551137924194336,2.8477327823638916,-0.06612138450145721,-2.1792800426483154,7.5012006759643555,6.3695597648620605,6.436296463012695,3.1507861614227295
183,0,-1.879141092300415,3.2590596675872803,-7.889931678771973,6.2828049659729,-1.6227461099624634,0.7992526888847351,5.313161373138428,3.003755569458008,5.791962623596191,3.9159224033355713,8.196174621582031,8.954910278320312
183,1,-2.004551649093628,1.2780253887176514,-3.882545232772827,5.39925479888916,2.575193166732788,2.7472727298736572,0.01419052667915821,-2.1453304290771484,7.495593070983887,6.317807197570801,6.467875957489014,3.138057231903076
184,0,-1.8857293128967285,3.263871192932129,-7.9308905601501465,6.298876762390137,-1.626267910003662,0.8521248698234558,5.3153276443481445,2.984689950942993,5.797112941741943,3.940236806869507,8.197467803955078,8.93848991394043
184,1,-2.0241239070892334,1.2694981098175049,-3.879995107650757,5.404261589050293,2.5465915203094482,2.7461373805999756,-0.008490070700645447,-2.157116651535034,7.477005958557129,6.321491241455078,6.456295490264893,3.1404948234558105
185,0,-1.8221144676208496,3.256190299987793,-7.9123454093933105,6.270125865936279,-1.6774719953536987,0.8370300531387329,5.305050849914551,3.0030927658081055,5.839309215545654,3.9126274585723877,8.209098815917969,8.963398933410645
185,1,-1.993935227394104,1.2739049196243286,-3.893435478210449,5.3755598068237305,2.568631172180176,2.707402229309082,0.010185322724282742,-2.1536614894866943,7.490485191345215,6.315573692321777,6.474314212799072,3.1536667346954346
186,0,-1.824569821357727,3.3132853507995605,-7.965291500091553,6.324052810668945,-1.7043826580047607,0.8575496077537537,5.297616481781006,2.974088191986084,5.88582706451416,3.958568572998047,8.223763465881348,8.903509140014648
186,1,-2.0100865364074707,1.26804780960083,-3.8784875869750977,5.398567199707031,2.546201705932617,2.7238879203796387,-0.003924038261175156,-2.1573283672332764,7.492288589477539,6.340257167816162,6.459127902984619,3.1611578464508057
187,0,-1.8332496881484985,3.222196102142334,-7.947985649108887,6.303618431091309,-1.6648284196853638,0.9399709701538086,5.310547351837158,2.954319715499878,5.822597503662109,3.9121100902557373,8.202630043029785,8.95084285736084
187,1,-2.0240070819854736,1.2846277952194214,-3.8931736946105957,5.410365104675293,2.5450901985168457,2.7429916858673096,-0.027442067861557007,-2.1777281761169434,7.483904838562012,6.346418380737305,6.440441131591797,3.153095006942749
188,0,-1.8635928630828857,3.2752788066864014,-7.925034046173096,6.269449710845947,-1.615098476409912,0.7728380560874939,5.28185510635376,2.991499185562134,5.805908203125,3.896942138671875,8.235862731933594,8.926840782165527
188,1,-1.9954783916473389,1.2912955284118652,-3.9127843379974365,5.400908946990967,2.568408489227295,2.7155497074127197,0.013863129541277885,-2.1952078342437744,7.500511169433594,6.337375640869141,6.4545464515686035,3.141245126724243
189,0,-1.851123332977295,3.2489418983459473,-7.912054061889648,6.293249607086182,-1.6511917114257812,0.928216278553009,5.326941013336182,2.989781141281128,5.77123498916626,3.9236855506896973,8.193098068237305,8.972209930419922
189,1,-2.024723768234253,1.292153239250183,-3.8886146545410156,5.410975456237793,2.540229558944702,2.780393600463867,-0.05955030769109726,-2.1763970851898193,7.489251136779785,6.366902828216553,6.438636302947998,3.146252393722534
190,0,-1.8575817346572876,3.2919299602508545,-7.915882110595703,6.276953220367432,-1.6782091856002808,0.7849805951118469,5.296151638031006,3.0061819553375244,5.860254287719727,3.8985517024993896,8.252023696899414,8.91877555847168
190,1,-1.9993246793746948,1.2708975076675415,-3.8972699642181396,5.3950114250183105,2.5699403285980225,2.7010560035705566,0.03317234292626381,-2.1685359477996826,7.5017781257629395,6.327786445617676,6.470633029937744,3.152817726135254
191,0,-1.9252357482910156,3.2795157432556152,-7.932030200958252,6.29069185256958,-1.625459909439087,0.8581942319869995,5.313426971435547,3.015933036804199,5.809747695922852,3.9222919940948486,8.23007583618164,8.918500900268555
191,1,-2.0170726776123047,1.2858628034591675,-3.894953489303589,5.406158447265625,2.5437700748443604,2.7283883094787598,-0.01854393258690834,-2.1915457248687744,7.478776454925537,6.34733247756958,6.441011905670166,3.1454718112945557
192,0,-1.7524281740188599,3.2173495292663574,-7.901255130767822,6.2674760818481445,-1.6960042715072632,0.880462646484375,5.3176679611206055,2.9981460571289062,5.86611270904541,3.912548780441284,8.182632446289062,8.988643646240234
192,1,-2.0021190643310547,1.2853385210037231,-3.910890817642212,5.393403053283691,2.569924831390381,2.716663360595703,0.007285543717443943,-2.1910829544067383,7.50034236907959,6.344461917877197,6.454241752624512,3.1502513885498047
193,0,-1.8735239505767822,3.3200790882110596,-8.006876945495605,6.3600921630859375,-1.6909152269363403,0.8167216777801514,5.290678024291992,2.960179090499878,5.9364447593688965,3.974213123321533,8.243563652038574,8.840957641601562
193,1,-2.017561912536621,1.2823185920715332,-3.8842928409576416,5.401265621185303,2.55303692817688,2.7569522857666016,-0.04777200520038605,-2.1705009937286377,7.491167068481445,6.365530967712402,6.44974422454834,3.1540334224700928
194,0,-1.8243489265441895,3.2044568061828613,-7.882111549377441,6.260416030883789,-1.6275701522827148,0.8621470928192139,5.283384799957275,3.0248959064483643,5.792917251586914,3.878876209259033,8.197488784790039,8.993831634521484
194,1,-2.0169191360473633,1.2782198190689087,-3.8771235942840576,5.410837650299072,2.561086654663086,2.752335786819458,-0.02491050958633423,-2.1635966300964355,7.499369144439697,6.367824077606201,6.4524431228637695,3.1531150341033936
195,0,-1.8116497993469238,3.2585597038269043,-7.9400129318237305,6.304168224334717,-1.6809296607971191,0.8621916174888611,5.29791259765625,2.986518383026123,5.852067470550537,3.925236225128174,8.21158218383789,8.937305450439453
195,1,-2.05683970451355,1.3033387660980225,-3.868682861328125,5.435081481933594,2.5443003177642822,2.892639636993408,-0.14117291569709778,-2.171191453933716,7.490016460418701,6.409948348999023,6.419439792633057,3.1545557975769043
196,0,-1.7829769849777222,3.2779693603515625,-7.9536051750183105,6.301216125488281,-1.7340797185897827,0.8538434505462646,5.304632186889648,2.9891974925994873,5.913056373596191,3.940378427505493,8.199950218200684,8.923259735107422
196,1,-1.9938304424285889,1.2842134237289429,-3.8660545349121094,5.385943412780762,2.610869884490967,2.8169615268707275,-0.044982168823480606,-2.130861282348633,7.51678466796875,6.3646559715271,6.472278118133545,3.1576099395751953
197,0,-1.8518626689910889,3.266584873199463,-7.968630790710449,6.300098896026611,-1.649064540863037,0.8510785698890686,5.303194522857666,2.9880239963531494,5.863595485687256,3.913386821746826,8.199056625366211,8.934423446655273
197,1,-2.0089375972747803,1.2655197381973267,-3.845259428024292,5.386768817901611,2.5686862468719482,2.8005385398864746,-0.04443233460187912,-2.128883123397827,7.480679988861084,6.336751461029053,6.447890281677246,3.137026786804199
198,0,-1.81585693359375,3.228668212890625,-7.904417514801025,6.257061004638672,-1.6434929370880127,0.8320608735084534,5.2936530113220215,3.021286964416504,5.826846122741699,3.8735334873199463,8.20333480834961,8.97750186920166
198,1,-1.9919828176498413,1.2931206226348877,-3.851944923400879,5.382572650909424,2.5628812313079834,2.7990360260009766,-0.06883010268211365,-2.1542773246765137,7.493392467498779,6.364753246307373,6.4325666427612305,3.1505796909332275
199,0,-1.8889647722244263,3.294844150543213,-7.916902542114258,6.29836893081665,-1.6493573188781738,0.7776078581809998,5.294836521148682,3.025243043899536,5.850948333740234,3.928940773010254,8.259443283081055,8.913209915161133
199,1,-1.959856390953064,1.2836381196975708,-3.898677110671997,5.361639976501465,2.568770408630371,2.6515235900878906,0.07212165743112564,-2.182279348373413,7.4860029220581055,6.278649806976318,6.4343953132629395,3.0837676525115967
200,0,-1.870766043663025,3.231351852416992,-7.947822093963623,6.310895919799805,-1.6700035333633423,0.9509340524673462,5.341452598571777,2.979445695877075,5.783133506774902,3.9563469886779785,8.174368858337402,8.952590942382812
200,1,-1.9998033046722412,1.2820119857788086,-3.8784749507904053,5.388658046722412,2.514497756958008,2.7005627155303955,-0.013187035918235779,-2.193026542663574,7.478841304779053,6.336558818817139,6.423997402191162,3.0964736938476562
201,0,-1.831655740737915,3.2675576210021973,-7.96573543548584,6.297876358032227,-1.6666995286941528,0.8675519227981567,5.323667526245117,2.942200183868408,5.828066825866699,3.9144999980926514,8.175337791442871,8.929617881774902
201,1,-2.0041468143463135,1.2793318033218384,-3.8823115825653076,5.39612340927124,2.535081386566162,2.7037599086761475,-0.017309825867414474,-2.176093339920044,7.48837423324585,6.342923164367676,6.442724227905273,3.121319055557251
202,0,-1.8333137035369873,3.2603087425231934,-7.9355268478393555,6.273559093475342,-1.6513869762420654,0.8315169811248779,5.294321537017822,2.9887523651123047,5.837440013885498,3.890789031982422,8.227930068969727,8.934981346130371
202,1,-2.015852928161621,1.2690863609313965,-3.8746988773345947,5.404246807098389,2.5345399379730225,2.7460265159606934,-0.045842453837394714,-2.160564422607422,7.495664119720459,6.352200508117676,6.457788944244385,3.1299312114715576
203,0,-1.8282064199447632,3.23047137260437,-7.938348293304443,6.306490898132324,-1.7023422718048096,0.9153146743774414,5.311599254608154,2.9831149578094482,5.846568584442139,3.9168648719787598,8.19762134552002,8.940760612487793
203,1,-2.009101390838623,1.269087791442871,-3.857177495956421,5.405259609222412,2.5490424633026123,2.75596284866333,-0.057099100202322006,-2.146522045135498,7.506540775299072,6.372077941894531,6.46373987197876,3.156161308288574
204,0,-1.872402310371399,3.2781760692596436,-7.898885726928711,6.258749008178711,-1.6098631620407104,0.719224214553833,5.287042617797852,3.027247428894043,5.864076137542725,3.8943541049957275,8.25944995880127,8.931410789489746
204,1,-2.025759696960449,1.2817538976669312,-3.8690731525421143,5.410336971282959,2.541098117828369,2.7814254760742188,-0.0716991201043129,-2.166309356689453,7.490827560424805,6.370891094207764,6.431980609893799,3.138455629348755
205,0,-1.889432430267334,3.291102886199951,-7.935952186584473,6.332291603088379,-1.6590502262115479,0.9061318635940552,5.324030876159668,3.0017313957214355,5.8134002685546875,3.9655990600585938,8.201650619506836,8.940427780151367
205,1,-2.0001559257507324,1.2800371646881104,-3.881166696548462,5.3942646980285645,2.5679566860198975,2.7377254962921143,-0.017690740525722504,-2.1699821949005127,7.50745153427124,6.355632781982422,6.457273483276367,3.1346054077148438
206,0,-1.8450968265533447,3.22011661529541,-7.936248302459717,6.282938480377197,-1.6523264646530151,0.8958607316017151,5.324814796447754,2.96765398979187,5.804662227630615,3.89766526222229,8.199419021606445,8.963030815124512
206,1,-2.0052106380462646,1.2638823986053467,-3.878391742706299,5.392866134643555,2.5545294284820557,2.7197625637054443,-0.008172345347702503,-2.1711864471435547,7.4923858642578125,6.3395586013793945,6.457000732421875,3.128838300704956
207,0,-1.831860065460205,3.2659664154052734,-7.934576988220215,6.278561592102051,-1.678544282913208,0.7803584933280945,5.3021159172058105,2.9947214126586914,5.864144325256348,3.9063820838928223,8.219084739685059,8.910758018493652
207,1,-2.003312587738037,1.2698317766189575,-3.869030714035034,5.389871120452881,2.553905725479126,2.737471103668213,-0.045823294669389725,-2.1612329483032227,7.498147487640381,6.363123416900635,6.460127830505371,3.1554832458496094
208,0,-1.926162600517273,3.254645347595215,-7.89989709854126,6.272446155548096,-1.5904165506362915,0.7910327911376953,5.296989440917969,3.044689416885376,5.803640365600586,3.903609037399292,8.244780540466309,8.936457633972168
208,1,-1.9892414808273315,1.2676552534103394,-3.877594470977783,5.384087562561035,2.5619380474090576,2.700923204421997,0.00014793220907449722,-2.1650562286376953,7.499725818634033,6.337930202484131,6.461663722991943,3.1417558193206787
209,0,-1.864528775215149,3.2179696559906006,-7.899465560913086,6.2867112159729,-1.6302473545074463,0.9028341770172119,5.323490142822266,3.010676622390747,5.77308988571167,3.925795078277588,8.198878288269043,8.989410400390625
209,1,-2.0225582122802734,1.2586889266967773,-3.8619112968444824,5.410276889801025,2.5440008640289307,2.741654634475708,-0.04087377339601517,-2.1601147651672363,7.492161750793457,6.357860565185547,6.4573187828063965,3.122462034225464
210,0,-1.868496060371399,3.268327236175537,-7.952409267425537,6.305263042449951,-1.6572822332382202,0.8272300958633423,5.326136112213135,2.9753901958465576,5.849818706512451,3.932114362716675,8.207579612731934,8.921342849731445
210,1,-2.022355794906616,1.2403316497802734,-3.833157539367676,5.416314601898193,2.557666778564453,2.724189519882202,-0.020805347710847855,-2.1218628883361816,7.501309394836426,6.361427307128906,6.488874912261963,3.1405770778656006
211,0,-1.8347088098526,3.27345871925354,-7.919360637664795,6.271871089935303,-1.659055471420288,0.8280245065689087,5.311277389526367,3.0059566497802734,5.835316181182861,3.9266369342803955,8.214085578918457,8.955458641052246
211,1,-2.0178322792053223,1.263446569442749,-3.85305118560791,5.406733512878418,2.545205593109131,2.725851535797119,-0.044463444501161575,-2.159642457962036,7.488119602203369,6.368348598480225,6.450969219207764,3.1468935012817383
212,0,-1.8811618089675903,3.2777516841888428,-7.9610595703125,6.319622039794922,-1.6618101596832275,0.8561899662017822,5.320225238800049,2.9776527881622314,5.850200176239014,3.946547031402588,8.22623062133789,8.911852836608887
212,1,-1.991519808769226,1.257035732269287,-3.8819644451141357,5.3982930183410645,2.575925350189209,2.658846855163574,0.047766972333192825,-2.1716599464416504,7.505212783813477,6.3327789306640625,6.476945877075195,3.11981463432312
213,0,-1.8646581172943115,3.2502338886260986,-7.922308921813965,6.284642219543457,-1.653934359550476,0.839007556438446,5.311066627502441,3.001842498779297,5.810800075531006,3.912365436553955,8.204574584960938,8.955489158630371
213,1,-2.022829294204712,1.2711049318313599,-3.8556723594665527,5.403489112854004,2.5332798957824707,2.763988971710205,-0.08242037147283554,-2.1716043949127197,7.492096424102783,6.391994476318359,6.44125509262085,3.1526663303375244
214,0,-1.8486018180847168,3.272263765335083,-7.940417766571045,6.284891128540039,-1.6581984758377075,0.8150032162666321,5.310915946960449,2.997673511505127,5.849307537078857,3.9313292503356934,8.21528434753418,8.936712265014648
214,1,-1.9868649244308472,1.2627240419387817,-3.873654842376709,5.382640361785889,2.586894989013672,2.706232786178589,-0.006314124912023544,-2.158036231994629,7.512160778045654,6.353623867034912,6.474569797515869,3.149961471557617
215,0,-1.8820408582687378,3.31915020942688,-7.952656269073486,6.314260959625244,-1.651416301727295,0.8559759259223938,5.3144965171813965,2.984250783920288,5.819657325744629,3.957575798034668,8.210643768310547,8.938880920410156
215,1,-2.004716396331787,1.2700181007385254,-3.863954782485962,5.388899326324463,2.5478742122650146,2.7610747814178467,-0.06337999552488327,-2.166494131088257,7.4941020011901855,6.372023582458496,6.449213981628418,3.1489574909210205
216,0,-1.8227801322937012,3.2867040634155273,-7.990634441375732,6.325342178344727,-1.6945334672927856,0.9522427916526794,5.354227066040039,2.926762580871582,5.808908939361572,3.953259229660034,8.179430961608887,8.946681022644043
216,1,-1.9765747785568237,1.2558640241622925,-3.873014211654663,5.375970840454102,2.577019691467285,2.6752328872680664,0.02834068052470684,-2.160752058029175,7.50926399230957,6.335972309112549,6.476751327514648,3.136995792388916
217,0,-1.8476405143737793,3.286494731903076,-8.021574020385742,6.318209648132324,-1.7317012548446655,0.9298113584518433,5.338684558868408,2.896831750869751,5.819986820220947,3.939439296722412,8.152990341186523,8.904117584228516
217,1,-2.0074033737182617,1.2705246210098267,-3.864595651626587,5.3888840675354,2.536348581314087,2.728480815887451,-0.048265259712934494,-2.1790952682495117,7.484465599060059,6.364560604095459,6.437318325042725,3.1329894065856934
218,0,-1.806886911392212,3.2310831546783447,-7.980554580688477,6.262852191925049,-1.7056598663330078,0.9253840446472168,5.323554515838623,2.921926498413086,5.818482398986816,3.873228073120117,8.152615547180176,8.93409538269043
218,1,-1.9926508665084839,1.2678054571151733,-3.873321294784546,5.384265422821045,2.5720221996307373,2.7126224040985107,-0.009638642892241478,-2.1644184589385986,7.5039262771606445,6.35500955581665,6.460865020751953,3.1362223625183105
219,0,-1.800542950630188,3.260814905166626,-7.906233310699463,6.241926193237305,-1.6429511308670044,0.7488104104995728,5.2821760177612305,3.0100619792938232,5.897200584411621,3.839564561843872,8.26130485534668,8.91600513458252
219,1,-1.9914742708206177,1.2591530084609985,-3.8646388053894043,5.382375717163086,2.561028003692627,2.698563575744629,-0.010366426780819893,-2.1611311435699463,7.496552467346191,6.3494062423706055,6.4628586769104,3.142267942428589
220,0,-1.879150390625,3.242985725402832,-7.916032791137695,6.3126349449157715,-1.7093063592910767,0.8816733360290527,5.319672584533691,3.036447286605835,5.886055946350098,3.9169013500213623,8.219854354858398,8.907634735107422
220,1,-2.000624179840088,1.2602225542068481,-3.8633410930633545,5.390364646911621,2.5502829551696777,2.6985561847686768,-0.01115069817751646,-2.1653847694396973,7.491258144378662,6.3541789054870605,6.454495906829834,3.138211965560913
221,0,-1.8969627618789673,3.2692461013793945,-7.878866672515869,6.271800518035889,-1.6154288053512573,0.750981867313385,5.290295124053955,3.049065351486206,5.860091686248779,3.8845067024230957,8.264043807983398,8.931732177734375
221,1,-2.012938976287842,1.2728530168533325,-3.8657596111297607,5.399049282073975,2.551147699356079,2.74215030670166,-0.05509939417243004,-2.174189567565918,7.495016098022461,6.379080772399902,6.442493915557861,3.1409850120544434
222,0,-1.9309056997299194,3.2585933208465576,-7.867209434509277,6.266153812408447,-1.5564398765563965,0.7881566286087036,5.321747779846191,3.068018674850464,5.742276668548584,3.914397716522217,8.23591136932373,8.97905445098877
222,1,-1.9913246631622314,1.2623919248580933,-3.868866205215454,5.384402275085449,2.5767664909362793,2.7132036685943604,-0.013376284390687943,-2.1602025032043457,7.502996921539307,6.354356288909912,6.465539932250977,3.1423795223236084
223,0,-1.9493517875671387,3.2614450454711914,-7.951045989990234,6.324005126953125,-1.6612036228179932,0.9554600715637207,5.353612422943115,2.970977306365967,5.737361907958984,3.9780337810516357,8.188694953918457,8.945109367370605
223,1,-1.9939266443252563,1.2576968669891357,-3.8652963638305664,5.3823041915893555,2.561842679977417,2.711087226867676,-0.019364919513463974,-2.162425994873047,7.495957374572754,6.351787567138672,6.461905479431152,3.143641471862793
224,0,-1.7878539562225342,3.237980842590332,-7.902698993682861,6.227500915527344,-1.641984462738037,0.8012328147888184,5.323588848114014,2.988283395767212,5.814651966094971,3.8733816146850586,8.215404510498047,8.991337776184082
224,1,-1.9849225282669067,1.2483574151992798,-3.8706023693084717,5.383050918579102,2.5739214420318604,2.6617579460144043,0.02407963201403618,-2.1648550033569336,7.496683120727539,6.335090637207031,6.474257469177246,3.1346750259399414
225,0,-1.9165328741073608,3.300912380218506,-7.969259262084961,6.311590671539307,-1.6667832136154175,0.8209497332572937,5.320353031158447,2.9916648864746094,5.855523586273193,3.9622373580932617,8.23190689086914,8.894472122192383
225,1,-2.0056562423706055,1.2659938335418701,-3.8640172481536865,5.3995361328125,2.5387141704559326,2.7042794227600098,-0.029129378497600555,-2.177018880844116,7.484013080596924,6.36111307144165,6.4435296058654785,3.1352181434631348
226,0,-1.8090022802352905,3.2440457344055176,-7.9131083488464355,6.276138782501221,-1.6744581460952759,0.8760913014411926,5.321993350982666,3.0087528228759766,5.835037708282471,3.9268620014190674,8.197994232177734,8.987411499023438
226,1,-1.9946057796478271,1.2707664966583252,-3.8783576488494873,5.394388198852539,2.561263084411621,2.691023111343384,-0.005613568238914013,-2.176255464553833,7.502182483673096,6.354552745819092,6.457736492156982,3.127661943435669
227,0,-1.85886812210083,3.2780659198760986,-7.980045795440674,6.322973251342773,-1.6767107248306274,0.840364396572113,5.314161777496338,2.9700772762298584,5.878873825073242,3.9528887271881104,8.240920066833496,8.912100791931152
227,1,-2.002490997314453,1.2700949907302856,-3.868098497390747,5.392165660858154,2.551100015640259,2.7319209575653076,-0.04244891554117203,-2.1712193489074707,7.497339248657227,6.366106986999512,6.45212984085083,3.139432191848755
228,0,-1.8157817125320435,3.2458877563476562,-7.938675403594971,6.29249906539917,-1.6971557140350342,0.8394156098365784,5.3154168128967285,3.0090997219085693,5.864586353302002,3.9114632606506348,8.211414337158203,8.946759223937988
228,1,-1.985331654548645,1.2609353065490723,-3.8754303455352783,5.380992412567139,2.573784828186035,2.69838809967041,-0.0011470019817352295,-2.1654200553894043,7.507687568664551,6.34578275680542,6.473086357116699,3.139162302017212
229,0,-1.790177345275879,3.261044979095459,-7.936489582061768,6.291253566741943,-1.6861205101013184,0.8080956339836121,5.307768821716309,3.016887903213501,5.919567584991455,3.903615951538086,8.214289665222168,8.937028884887695
229,1,-1.9947822093963623,1.2595244646072388,-3.8674540519714355,5.382528781890869,2.556999921798706,2.7065999507904053,-0.021344996988773346,-2.1677541732788086,7.496469020843506,6.351410865783691,6.461193084716797,3.1424918174743652
230,0,-1.817534327507019,3.297675132751465,-7.920610427856445,6.314861297607422,-1.6610027551651,0.7813696265220642,5.2855095863342285,3.0350444316864014,5.925392150878906,3.940371036529541,8.246591567993164,8.929649353027344
230,1,-1.9978781938552856,1.262635350227356,-3.870753288269043,5.3836870193481445,2.563541889190674,2.7155563831329346,-0.02373773232102394,-2.1649861335754395,7.498813152313232,6.355684280395508,6.462404727935791,3.1453816890716553
231,0,-1.8991237878799438,3.28594708442688,-7.917006015777588,6.323842525482178,-1.6297622919082642,0.8593853116035461,5.300991058349609,3.0110743045806885,5.791419506072998,3.931901454925537,8.204486846923828,8.975593566894531
231,1,-1.9951099157333374,1.2618072032928467,-3.8650224208831787,5.382837772369385,2.5670692920684814,2.7272799015045166,-0.02948201261460781,-2.15976881980896,7.499305248260498,6.3596673011779785,6.465828895568848,3.1518399715423584
232,0,-1.8505175113677979,3.2699332237243652,-7.939573287963867,6.288295269012451,-1.6295336484909058,0.8701303601264954,5.317116737365723,2.969289541244507,5.752562522888184,3.915322780609131,8.163003921508789,8.976207733154297
232,1,-1.9839775562286377,1.2522921562194824,-3.867117404937744,5.381785869598389,2.5660407543182373,2.6750073432922363,0.019570179283618927,-2.1621968746185303,7.499806880950928,6.3371405601501465,6.471717834472656,3.138120412826538
233,0,-1.844189167022705,3.316023349761963,-7.981148719787598,6.3140058517456055,-1.6715145111083984,0.882144570350647,5.335853576660156,2.9283688068389893,5.793333053588867,3.971479654312134,8.182605743408203,8.918806076049805
233,1,-2.016812801361084,1.2703595161437988,-3.8639283180236816,5.39730167388916,2.5417280197143555,2.7480032444000244,-0.06743934005498886,-2.176142454147339,7.488068103790283,6.378480911254883,6.439327239990234,3.1405515670776367
234,0,-1.789920449256897,3.212005138397217,-8.003767967224121,6.304898262023926,-1.7082942724227905,1.0259493589401245,5.344271659851074,2.885700225830078,5.792614936828613,3.8855974674224854,8.14712905883789,8.938860893249512
234,1,-1.9756745100021362,1.251938819885254,-3.872572660446167,5.382102012634277,2.5836901664733887,2.653148651123047,0.04402453824877739,-2.1594226360321045,7.513916492462158,6.334719657897949,6.487445831298828,3.1335721015930176
235,0,-1.8591808080673218,3.29553484916687,-7.892650127410889,6.2437639236450195,-1.6351988315582275,0.6723254919052124,5.283155918121338,3.0050013065338135,5.843510150909424,3.84706449508667,8.240595817565918,8.903899192810059
235,1,-2.013397216796875,1.26902437210083,-3.8577988147735596,5.403316974639893,2.5296647548675537,2.7297887802124023,-0.05315949767827988,-2.183162212371826,7.479938507080078,6.370264053344727,6.432280540466309,3.1285223960876465
236,0,-1.8803108930587769,3.2407774925231934,-7.859008312225342,6.264701843261719,-1.61040198802948,0.8692570328712463,5.321199417114258,3.054760217666626,5.7456183433532715,3.905909299850464,8.226414680480957,8.979950904846191
236,1,-1.9959856271743774,1.266085147857666,-3.875731945037842,5.391586780548096,2.567596912384033,2.704481363296509,-0.0041375067085027695,-2.1682469844818115,7.503841400146484,6.350677490234375,6.462821006774902,3.13313364982605
237,0,-1.8676270246505737,3.2515695095062256,-7.911296844482422,6.305446147918701,-1.6694245338439941,0.8834553956985474,5.332173824310303,2.9929378032684326,5.820492267608643,3.9139697551727295,8.217506408691406,8.944671630859375
237,1,-1.9884873628616333,1.2577776908874512,-3.8719494342803955,5.388720512390137,2.562533140182495,2.6850616931915283,0.0016381023451685905,-2.1743996143341064,7.500652313232422,6.346926212310791,6.468944549560547,3.128819465637207
238,0,-1.918133020401001,3.2736027240753174,-7.87961483001709,6.258347034454346,-1.5868170261383057,0.7200199365615845,5.302933692932129,3.0354056358337402,5.801934242248535,3.8982932567596436,8.257240295410156,8.93899154663086
238,1,-1.9938478469848633,1.2632362842559814,-3.8665859699249268,5.391347885131836,2.5511715412139893,2.690530300140381,-0.007254906930029392,-2.1698391437530518,7.494507789611816,6.34885835647583,6.4590582847595215,3.1397509574890137
239,0,-1.8871746063232422,3.248516321182251,-7.918987274169922,6.309685707092285,-1.6605207920074463,0.9450708031654358,5.339296817779541,2.9904792308807373,5.759316444396973,3.9618141651153564,8.172378540039062,8.988563537597656
239,1,-2.0011823177337646,1.2711678743362427,-3.8712425231933594,5.393424034118652,2.548403024673462,2.71193528175354,-0.02625075727701187,-2.1780011653900146,7.497149467468262,6.36004638671875,6.450708389282227,3.133636236190796
240,0,-1.9016168117523193,3.2760660648345947,-7.966438293457031,6.29831600189209,-1.6418267488479614,0.8475213050842285,5.326220989227295,2.9497852325439453,5.798309326171875,3.935720443725586,8.202823638916016,8.930668830871582
240,1,-1.9968886375427246,1.2681703567504883,-3.875338315963745,5.3922038078308105,2.5623693466186523,2.719937801361084,-0.023980218917131424,-2.1753761768341064,7.505993366241455,6.363020896911621,6.460312366485596,3.1344687938690186
241,0,-1.7872251272201538,3.2633721828460693,-7.975602149963379,6.290563583374023,-1.727431297302246,0.9234722852706909,5.329357147216797,2.9499659538269043,5.852178573608398,3.9554076194763184,8.16783618927002,8.951592445373535
241,1,-1.9925786256790161,1.262466311454773,-3.8683042526245117,5.387197494506836,2.563544273376465,2.708933115005493,-0.014387648552656174,-2.1651153564453125,7.501122951507568,6.350223541259766,6.466588973999023,3.1383354663848877
242,0,-1.8938090801239014,3.261652708053589,-8.027814865112305,6.312739849090576,-1.678139567375183,0.9608207941055298,5.319395065307617,2.916682004928589,5.8219451904296875,3.9382643699645996,8.18033218383789,8.920883178710938
242,1,-1.9922068119049072,1.2623156309127808,-3.868244171142578,5.383132457733154,2.5607173442840576,2.704758644104004,-0.013580730184912682,-2.1639180183410645,7.498162746429443,6.349284648895264,6.464910507202148,3.14241886138916
243,0,-1.7616267204284668,3.2226369380950928,-7.910068988800049,6.223154067993164,-1.6858501434326172,0.8325523734092712,5.311041831970215,3.0032219886779785,5.852982997894287,3.8565101623535156,8.210160255432129,8.97458553314209
243,1,-1.9926280975341797,1.2610247135162354,-3.867201089859009,5.386906147003174,2.56455135345459,2.7056498527526855,-0.013009492307901382,-2.164177179336548,7.49820613861084,6.352330684661865,6.464587688446045,3.143357753753662
244,0,-1.8728368282318115,3.2764170169830322,-7.971308708190918,6.322303771972656,-1.691314935684204,0.9004260897636414,5.322488307952881,2.975159168243408,5.878640651702881,3.9337832927703857,8.22774600982666,8.89995002746582
244,1,-1.9946205615997314,1.2616169452667236,-3.8669066429138184,5.386112213134766,2.5636355876922607,2.7076339721679688,-0.013726064935326576,-2.163785696029663,7.4983110427856445,6.351107120513916,6.464275360107422,3.14273738861084
245,0,-1.8657467365264893,3.2566418647766113,-7.890530109405518,6.267830848693848,-1.6546642780303955,0.8301841020584106,5.306297779083252,3.026928663253784,5.845836639404297,3.867335081100464,8.221699714660645,8.953215599060059
245,1,-1.9948359727859497,1.2617011070251465,-3.8678340911865234,5.386709690093994,2.5645527839660645,2.708329200744629,-0.012390455231070518,-2.1657891273498535,7.498961448669434,6.352818965911865,6.4644083976745605,3.1418120861053467
246,0,-1.8276922702789307,3.2182180881500244,-7.914811611175537,6.275001525878906,-1.6462209224700928,0.8729878664016724,5.309892654418945,3.0182690620422363,5.8451762199401855,3.8803317546844482,8.224847793579102,8.944668769836426
246,1,-1.9958745241165161,1.2594767808914185,-3.867140769958496,5.386458873748779,2.563706874847412,2.7075610160827637,-0.013274788856506348,-2.1656298637390137,7.499419689178467,6.353182315826416,6.464699745178223,3.143179416656494
247,0,-1.8558059930801392,3.2442853450775146,-7.911323070526123,6.296237945556641,-1.684988260269165,0.8335796594619751,5.313551902770996,3.020294189453125,5.861084938049316,3.9228014945983887,8.221978187561035,8.933758735656738
247,1,-1.9957075119018555,1.260162115097046,-3.8662939071655273,5.387296676635742,2.564276933670044,2.707240581512451,-0.014440372586250305,-2.163703203201294,7.498596668243408,6.3523030281066895,6.4644083976745605,3.1416409015655518
248,0,-1.7878108024597168,3.257312297821045,-7.913703441619873,6.2844929695129395,-1.6641383171081543,0.81941819190979,5.296387672424316,3.022660493850708,5.880431652069092,3.9122297763824463,8.228161811828613,8.960166931152344
248,1,-1.9963375329971313,1.2600313425064087,-3.864899158477783,5.3902788162231445,2.5648162364959717,2.7100136280059814,-0.015184704214334488,-2.163785696029663,7.498072624206543,6.354716777801514,6.464330196380615,3.1418933868408203
249,0,-1.8688770532608032,3.246704339981079,-7.96174955368042,6.307636737823486,-1.6684727668762207,0.8884263038635254,5.302785873413086,3.005249261856079,5.884222984313965,3.925335168838501,8.240167617797852,8.928078651428223
249,1,-1.994882583618164,1.2618638277053833,-3.8650152683258057,5.388528823852539,2.562643527984619,2.709794521331787,-0.018022360280156136,-2.1644396781921387,7.49617862701416,6.353554725646973,6.461307048797607,3.143252372741699
250,0,-1.8320649862289429,3.2438206672668457,-7.902930736541748,6.257146835327148,-1.6444125175476074,0.809909999370575,5.2919602394104,3.031573534011841,5.834847927093506,3.8940958976745605,8.207995414733887,8.978079795837402
250,1,-1.9932256937026978,1.2623523473739624,-3.8670506477355957,5.389868259429932,2.5651345252990723,2.711780071258545,-0.014367293566465378,-2.1655941009521484,7.4978413581848145,6.3528265953063965,6.462650299072266,3.1410293579101562
251,0,-1.8327486515045166,3.2691867351531982,-7.9818034172058105,6.322294235229492,-1.6765397787094116,0.9473617076873779,5.328861713409424,2.958324909210205,5.838581085205078,3.9548351764678955,8.177837371826172,8.93799114227295
251,1,-1.9971823692321777,1.2669637203216553,-3.864673376083374,5.385923385620117,2.5618228912353516,2.7320191860198975,-0.038628820329904556,-2.163161277770996,7.497777938842773,6.36257791519165,6.457394123077393,3.1487555503845215
252,0,-1.806014060974121,3.2155003547668457,-7.958391189575195,6.290457248687744,-1.6492302417755127,0.9151628017425537,5.307829856872559,2.9400110244750977,5.824820041656494,3.8837733268737793,8.201203346252441,8.944283485412598
252,1,-1.9844791889190674,1.2581019401550293,-3.8703298568725586,5.380956172943115,2.5746216773986816,2.6937198638916016,0.003675282932817936,-2.1617705821990967,7.503200054168701,6.3425984382629395,6.468760967254639,3.139023542404175
253,0,-1.8033168315887451,3.2434606552124023,-7.921879768371582,6.251299858093262,-1.6630241870880127,0.7939735054969788,5.289511203765869,3.0054938793182373,5.844977378845215,3.8813326358795166,8.212553977966309,8.93698787689209
253,1,-1.994139313697815,1.2557728290557861,-3.867232322692871,5.385934829711914,2.5548477172851562,2.673369884490967,0.007538647390902042,-2.169344902038574,7.490783214569092,6.339503288269043,6.461095333099365,3.130565881729126
254,0,-1.832685947418213,3.2529265880584717,-7.907759666442871,6.274183750152588,-1.6740838289260864,0.8023777008056641,5.300675392150879,3.051624059677124,5.880918502807617,3.909458637237549,8.232035636901855,8.936193466186523
254,1,-2.007307291030884,1.2626725435256958,-3.8648641109466553,5.400234699249268,2.551342487335205,2.7072503566741943,-0.024005765095353127,-2.1751513481140137,7.494996547698975,6.363579750061035,6.456262111663818,3.133746862411499
255,0,-1.9067621231079102,3.2399561405181885,-7.891726016998291,6.294331073760986,-1.6090229749679565,0.8222593665122986,5.3039984703063965,3.044738292694092,5.82625675201416,3.8989875316619873,8.25448989868164,8.954736709594727
255,1,-2.006617307662964,1.2613543272018433,-3.8565773963928223,5.397416591644287,2.558643341064453,2.727787733078003,-0.040682584047317505,-2.15830135345459,7.498504638671875,6.369105339050293,6.460702896118164,3.1427226066589355
256,0,-1.8561630249023438,3.265960454940796,-7.837692737579346,6.269306659698486,-1.601493000984192,0.7061033248901367,5.284185886383057,3.0659756660461426,5.846550464630127,3.923243999481201,8.274670600891113,8.96803092956543
256,1,-1.9922131299972534,1.2639683485031128,-3.8737783432006836,5.38518762588501,2.572006940841675,2.6980526447296143,-0.010958902537822723,-2.1701743602752686,7.498104095458984,6.354783535003662,6.461376190185547,3.1382217407226562
257,0,-1.8590694665908813,3.251753807067871,-7.978344917297363,6.380245685577393,-1.6998186111450195,0.9859552979469299,5.369524955749512,2.955796480178833,5.814474582672119,4.022757530212402,8.170453071594238,8.937536239624023
257,1,-2.0002050399780273,1.2487820386886597,-3.8659543991088867,5.392271041870117,2.567121744155884,2.6988399028778076,0.0008819578215479851,-2.163132667541504,7.495481967926025,6.353422164916992,6.468565940856934,3.1447505950927734
258,0,-1.8056063652038574,3.251650094985962,-7.958021640777588,6.297723770141602,-1.6593677997589111,0.8490558862686157,5.31132698059082,2.9316866397857666,5.811790466308594,3.9186923503875732,8.161279678344727,8.965736389160156
258,1,-2.014793634414673,1.253574013710022,-3.859278440475464,5.395745277404785,2.5560717582702637,2.7263872623443604,-0.04155822843313217,-2.163660764694214,7.487116813659668,6.368311405181885,6.455973148345947,3.1548819541931152
259,0,-1.8162827491760254,3.2630703449249268,-7.977855682373047,6.290492057800293,-1.6507515907287598,0.9135796427726746,5.314499855041504,2.926623821258545,5.787613868713379,3.9206342697143555,8.148300170898438,8.957829475402832
259,1,-1.9904624223709106,1.2533162832260132,-3.8701975345611572,5.388613700866699,2.5832877159118652,2.68166184425354,0.008555656298995018,-2.165637969970703,7.502834796905518,6.354006290435791,6.476114273071289,3.1447441577911377
260,0,-1.8578011989593506,3.314069986343384,-7.955047607421875,6.29695987701416,-1.6796270608901978,0.8220844268798828,5.308851718902588,2.9557201862335205,5.819738864898682,3.944162368774414,8.200469970703125,8.921210289001465
260,1,-2.0048511028289795,1.2678016424179077,-3.862466335296631,5.40028715133667,2.5501010417938232,2.7125144004821777,-0.03248566761612892,-2.176163673400879,7.486690521240234,6.372962951660156,6.444456100463867,3.143779754638672
261,0,-1.8106954097747803,3.2509965896606445,-8.033202171325684,6.332281589508057,-1.7413480281829834,1.0594907999038696,5.348238468170166,2.8787598609924316,5.814101219177246,3.9717330932617188,8.135443687438965,8.92162799835205
261,1,-2.00665545463562,1.273483157157898,-3.8742411136627197,5.40072774887085,2.565941095352173,2.734086275100708,-0.038601163774728775,-2.1809916496276855,7.491714000701904,6.376887321472168,6.4409027099609375,3.1372647285461426
262,0,-1.8023416996002197,3.284489154815674,-7.9357218742370605,6.22455358505249,-1.66291344165802,0.7474648952484131,5.300867557525635,2.974025249481201,5.861016750335693,3.828516960144043,8.227872848510742,8.923473358154297
262,1,-1.9771194458007812,1.2486459016799927,-3.876312494277954,5.385429382324219,2.5868608951568604,2.6390819549560547,0.051089100539684296,-2.174349308013916,7.504116535186768,6.338822364807129,6.47949743270874,3.1252541542053223
263,0,-1.8899520635604858,3.3160908222198486,-7.928007125854492,6.29316520690918,-1.6855016946792603,0.8083670735359192,5.313606262207031,3.0378358364105225,5.870223522186279,3.923034429550171,8.237337112426758,8.886820793151855
263,1,-2.0258774757385254,1.257107138633728,-3.8531219959259033,5.408787727355957,2.5369184017181396,2.7200052738189697,-0.04922616481781006,-2.1782658100128174,7.4734320640563965,6.38102388381958,6.4382243156433105,3.1418392658233643
264,0,-1.8371446132659912,3.234001874923706,-7.905756950378418,6.2726874351501465,-1.6912394762039185,0.8772996664047241,5.31878137588501,3.033867597579956,5.862738132476807,3.8965988159179688,8.218783378601074,8.960465431213379
264,1,-2.0003297328948975,1.2486387491226196,-3.865893602371216,5.398215293884277,2.586317777633667,2.688495635986328,-0.0006823604926466942,-2.1638290882110596,7.501375198364258,6.365756034851074,6.476340293884277,3.145252227783203
265,0,-1.90642249584198,3.2591636180877686,-7.952507019042969,6.298904895782471,-1.6470153331756592,0.8045841455459595,5.315690994262695,3.0135555267333984,5.858412265777588,3.8937530517578125,8.227115631103516,8.901263236999512
265,1,-2.0035157203674316,1.2545678615570068,-3.8596158027648926,5.393354415893555,2.561713218688965,2.715038537979126,-0.03673301637172699,-2.170961380004883,7.492143630981445,6.37312650680542,6.456602573394775,3.1473498344421387
266,0,-1.8539937734603882,3.197878837585449,-7.871883392333984,6.233430862426758,-1.5950254201889038,0.8083605170249939,5.3014631271362305,3.063234567642212,5.802718162536621,3.867587089538574,8.213920593261719,8.986591339111328
266,1,-1.9955856800079346,1.2640838623046875,-3.8597865104675293,5.38890266418457,2.5731756687164307,2.723668336868286,-0.040886979550123215,-2.1630911827087402,7.498929023742676,6.376908302307129,6.455937385559082,3.147911310195923
267,0,-1.882729172706604,3.1917216777801514,-7.903855323791504,6.290798187255859,-1.6190208196640015,0.8422508835792542,5.307729721069336,3.0367579460144043,5.820930480957031,3.904876708984375,8.247369766235352,8.95129108428955
267,1,-1.9851099252700806,1.2542383670806885,-3.871643304824829,5.385035037994385,2.577625274658203,2.669264316558838,0.025828514248132706,-2.174572706222534,7.498476505279541,6.343944549560547,6.4630351066589355,3.1236956119537354
268,0,-1.8998780250549316,3.2225472927093506,-7.832125663757324,6.266351222991943,-1.5780892372131348,0.7135037183761597,5.276204586029053,3.0875284671783447,5.808493137359619,3.8754637241363525,8.271410942077637,8.971240043640137
268,1,-2.002586841583252,1.2569948434829712,-3.866605281829834,5.391945838928223,2.5558583736419678,2.6888818740844727,-0.010774964466691017,-2.181591749191284,7.483696937561035,6.358856201171875,6.452268600463867,3.1275436878204346
269,0,-1.8355605602264404,3.2324140071868896,-7.861268997192383,6.312099456787109,-1.6339277029037476,0.8324257731437683,5.292848587036133,3.0566985607147217,5.8422932624816895,3.945474147796631,8.22391128540039,8.994185447692871
269,1,-1.998212456703186,1.2571475505828857,-3.8635551929473877,5.39174222946167,2.5676801204681396,2.7014694213867188,-0.015489958226680756,-2.1683740615844727,7.495525360107422,6.369464874267578,6.462532043457031,3.1432080268859863
270,0,-1.8639978170394897,3.2948038578033447,-7.929996013641357,6.320168495178223,-1.652777910232544,0.7895656824111938,5.2860426902771,3.0115954875946045,5.891881942749023,3.9946136474609375,8.219402313232422,8.961183547973633
270,1,-1.9997882843017578,1.2580339908599854,-3.858384609222412,5.391566276550293,2.5629358291625977,2.706796169281006,-0.02431502938270569,-2.164116382598877,7.492905139923096,6.36934757232666,6.455395698547363,3.1456384658813477
271,0,-1.8606195449829102,3.2535126209259033,-8.054495811462402,6.379562854766846,-1.6963586807250977,1.05864417552948,5.3202009201049805,2.882718324661255,5.815584182739258,4.015718460083008,8.134950637817383,8.939810752868652
271,1,-2.0025367736816406,1.2588341236114502,-3.8623411655426025,5.3972015380859375,2.56392502784729,2.707227945327759,-0.019441649317741394,-2.1705644130706787,7.493646144866943,6.370446681976318,6.451325416564941,3.137423038482666
272,0,-1.783791422843933,3.1828761100769043,-7.956900119781494,6.260075569152832,-1.6191457509994507,0.8545639514923096,5.2861433029174805,2.9158525466918945,5.810013771057129,3.8316304683685303,8.157719612121582,8.968798637390137
272,1,-1.9997526407241821,1.2565867900848389,-3.8699960708618164,5.3900837898254395,2.5679378509521484,2.6764416694641113,0.005325790494680405,-2.1730339527130127,7.493086338043213,6.3541107177734375,6.458722114562988,3.1296775341033936
273,0,-1.842108130455017,3.2693772315979004,-7.869951248168945,6.226539611816406,-1.558509349822998,0.6743203401565552,5.2548065185546875,3.040290594100952,5.826622009277344,3.8646488189697266,8.246158599853516,8.93808364868164
273,1,-1.999013066291809,1.2515393495559692,-3.8621881008148193,5.39459753036499,2.5626344680786133,2.6792988777160645,-0.003457833081483841,-2.1714749336242676,7.494028091430664,6.366888523101807,6.462685585021973,3.1392858028411865
274,0,-1.8857307434082031,3.279306650161743,-7.912735939025879,6.346495628356934,-1.664503574371338,0.93453049659729,5.32100248336792,3.0135252475738525,5.811083793640137,3.9995181560516357,8.199904441833496,8.942887306213379
274,1,-2.0101394653320312,1.2590192556381226,-3.858351707458496,5.404042720794678,2.557952642440796,2.7131075859069824,-0.0359773151576519,-2.168935537338257,7.492494106292725,6.376669883728027,6.450161457061768,3.1397745609283447
275,0,-1.9032419919967651,3.259246826171875,-7.9429192543029785,6.323855876922607,-1.643151044845581,0.9011251926422119,5.341165542602539,2.9454472064971924,5.757476329803467,3.9229111671447754,8.17897891998291,8.944808959960938
275,1,-1.9896069765090942,1.2566025257110596,-3.8671669960021973,5.393343925476074,2.57397198677063,2.6685309410095215,0.011814725585281849,-2.1731464862823486,7.499612808227539,6.3563313484191895,6.465734958648682,3.1339454650878906
276,0,-1.8645684719085693,3.324545383453369,-7.90074348449707,6.232309818267822,-1.613852858543396,0.6928530335426331,5.289838790893555,3.0107104778289795,5.8192033767700195,3.905761957168579,8.2080659866333,8.925193786621094
276,1,-2.01061749458313,1.2711395025253296,-3.865832567214966,5.393831253051758,2.5481061935424805,2.7355570793151855,-0.05725080519914627,-2.1823441982269287,7.486462116241455,6.383079528808594,6.436397552490234,3.1391539573669434
277,0,-1.8863319158554077,3.2941770553588867,-7.9732346534729,6.347320079803467,-1.6715360879898071,0.9596179127693176,5.330094337463379,2.966362237930298,5.819188117980957,3.9790782928466797,8.204937934875488,8.92296314239502
277,1,-1.985039234161377,1.2555086612701416,-3.870023488998413,5.382818222045898,2.5808205604553223,2.6846680641174316,0.014002600684762001,-2.1649065017700195,7.506620407104492,6.354867458343506,6.471139907836914,3.1391823291778564
278,0,-1.857469081878662,3.2643229961395264,-7.93139123916626,6.302281379699707,-1.6786073446273804,0.8429843187332153,5.309794902801514,2.9562439918518066,5.793152809143066,3.913217782974243,8.175002098083496,8.941010475158691
278,1,-2.0022876262664795,1.253376841545105,-3.864501714706421,5.390253067016602,2.557265043258667,2.689969778060913,-0.009714318439364433,-2.1745376586914062,7.486412048339844,6.3548502922058105,6.455410957336426,3.1298515796661377
279,0,-1.82952880859375,3.2809157371520996,-7.930214881896973,6.286078929901123,-1.6354756355285645,0.7989527583122253,5.291238307952881,2.980090856552124,5.830431938171387,3.9076988697052,8.22850227355957,8.91965389251709
279,1,-1.9970840215682983,1.2525147199630737,-3.860996961593628,5.392266273498535,2.573730707168579,2.689253568649292,-0.008522771298885345,-2.1636149883270264,7.497114181518555,6.368196487426758,6.468822479248047,3.146362066268921
280,0,-1.8557145595550537,3.253847122192383,-7.905475616455078,6.28778600692749,-1.6535930633544922,0.8639652132987976,5.301220893859863,2.9937620162963867,5.798426151275635,3.912234306335449,8.2047700881958,8.958691596984863
280,1,-2.0071756839752197,1.257738471031189,-3.8557565212249756,5.395821571350098,2.55637264251709,2.7139666080474854,-0.031414248049259186,-2.16475248336792,7.486151695251465,6.371151924133301,6.450399398803711,3.147122859954834
281,0,-1.9042625427246094,3.2586755752563477,-7.964097023010254,6.315932750701904,-1.6579991579055786,0.8746698498725891,5.31040620803833,2.9634504318237305,5.82680082321167,3.9410014152526855,8.205690383911133,8.896369934082031
281,1,-2.001254081726074,1.2568117380142212,-3.8607351779937744,5.390750885009766,2.5671396255493164,2.706172466278076,-0.01526232436299324,-2.160613536834717,7.496713161468506,6.367254257202148,6.461895942687988,3.1434969902038574
282,0,-1.8492494821548462,3.2527244091033936,-7.932024002075195,6.274718761444092,-1.6359905004501343,0.8656603097915649,5.318933486938477,2.972097396850586,5.790467739105225,3.9245426654815674,8.163326263427734,8.954802513122559
282,1,-1.9990684986114502,1.252343773841858,-3.8636982440948486,5.388889789581299,2.5694079399108887,2.7015833854675293,-0.010760707780718803,-2.1670663356781006,7.496866703033447,6.363791465759277,6.46077299118042,3.140746831893921
283,0,-1.8273921012878418,3.2829513549804688,-8.008645057678223,6.326764106750488,-1.6992700099945068,0.9574771523475647,5.332590103149414,2.91243839263916,5.820634365081787,3.9580092430114746,8.152636528015137,8.905060768127441
283,1,-2.0006537437438965,1.251502275466919,-3.8621020317077637,5.387856483459473,2.570266008377075,2.701533079147339,-0.018083129078149796,-2.1632285118103027,7.4924635887146,6.363260746002197,6.462490558624268,3.1447079181671143
284,0,-1.810526967048645,3.3221802711486816,-7.965193748474121,6.2572503089904785,-1.7051827907562256,0.812450647354126,5.310800075531006,2.9786124229431152,5.882030010223389,3.9070050716400146,8.199933052062988,8.913834571838379
284,1,-1.9935625791549683,1.2453261613845825,-3.8613853454589844,5.379308700561523,2.570357084274292,2.667968988418579,0.012101490050554276,-2.1568922996520996,7.49550199508667,6.350880146026611,6.473711013793945,3.1453003883361816
285,0,-1.831468105316162,3.3251500129699707,-8.04057502746582,6.330813884735107,-1.7639328241348267,1.0038520097732544,5.342156887054443,2.929152011871338,5.8694586753845215,3.9792168140411377,8.16325569152832,8.905807495117188
285,1,-2.0099165439605713,1.260684609413147,-3.856788396835327,5.395730018615723,2.554006814956665,2.7292373180389404,-0.05221547931432724,-2.1720149517059326,7.487557411193848,6.386510848999023,6.4464945793151855,3.150771141052246
286,0,-1.8267472982406616,3.2944529056549072,-7.952624797821045,6.244923114776611,-1.6797806024551392,0.7861097455024719,5.299554347991943,2.994889497756958,5.8781819343566895,3.849885940551758,8.237396240234375,8.930313110351562
286,1,-1.997166633605957,1.2640652656555176,-3.859307050704956,5.391483783721924,2.5760889053344727,2.728677988052368,-0.038203198462724686,-2.159294843673706,7.499699592590332,6.381075859069824,6.455275058746338,3.1527762413024902
287,0,-1.8839695453643799,3.2765727043151855,-7.953394412994385,6.29160213470459,-1.6934188604354858,0.8824669122695923,5.3109049797058105,3.0120046138763428,5.832798004150391,3.89888858795166,8.222719192504883,8.916650772094727
287,1,-1.9947746992111206,1.2527309656143188,-3.8658368587493896,5.385199069976807,2.5739760398864746,2.701003313064575,-0.005750130861997604,-2.1651625633239746,7.4941864013671875,6.356437683105469,6.45667028427124,3.135934352874756
288,0,-1.8015291690826416,3.2687456607818604,-7.894485950469971,6.259864807128906,-1.6773103475570679,0.8016841411590576,5.299188137054443,3.042304277420044,5.876092433929443,3.882570743560791,8.238600730895996,8.949512481689453
288,1,-2.005072832107544,1.2526085376739502,-3.853893280029297,5.385995864868164,2.5565383434295654,2.7063381671905518,-0.027717946097254753,-2.1593563556671143,7.487834930419922,6.370087146759033,6.454633712768555,3.142328977584839
289,0,-1.846063494682312,3.2428996562957764,-7.953934669494629,6.308894157409668,-1.7023710012435913,0.8997202515602112,5.317254066467285,3.0159127712249756,5.888097763061523,3.921572685241699,8.228537559509277,8.927870750427246
289,1,-2.0236854553222656,1.251927137374878,-3.8481218814849854,5.403596878051758,2.5551047325134277,2.7506508827209473,-0.05748574808239937,-2.1584830284118652,7.491466045379639,6.390206336975098,6.446414470672607,3.1450746059417725
290,0,-1.8839542865753174,3.2640891075134277,-7.8928141593933105,6.253519058227539,-1.6177297830581665,0.7565315365791321,5.288269996643066,3.0547165870666504,5.842648983001709,3.8685922622680664,8.2373628616333,8.964689254760742
290,1,-2.0013954639434814,1.2515699863433838,-3.8623876571655273,5.382208347320557,2.577505111694336,2.720900774002075,-0.03098352625966072,-2.157830238342285,7.493185997009277,6.3633198738098145,6.459170818328857,3.1436424255371094
291,0,-1.8685855865478516,3.2323873043060303,-7.91766881942749,6.292311668395996,-1.6239007711410522,0.887728214263916,5.321100234985352,3.0227885246276855,5.804873466491699,3.912864923477173,8.19235610961914,8.989006042480469
291,1,-1.9904228448867798,1.2544676065444946,-3.8545219898223877,5.375560760498047,2.5683341026306152,2.6987216472625732,-0.021260304376482964,-2.15315842628479,7.491316318511963,6.365200042724609,6.4582200050354,3.148296594619751
292,0,-1.8607635498046875,3.2575061321258545,-7.9335103034973145,6.296136379241943,-1.647049903869629,0.8368080258369446,5.314872741699219,2.996490716934204,5.842668533325195,3.9166347980499268,8.209053993225098,8.946244239807129
292,1,-2.0078630447387695,1.2615559101104736,-3.856156349182129,5.386345863342285,2.556499719619751,2.731450080871582,-0.05115353316068649,-2.162987232208252,7.481347560882568,6.378501892089844,6.435724258422852,3.147294282913208
293,0,-1.8508325815200806,3.2169883251190186,-7.9296722412109375,6.282355308532715,-1.6354994773864746,0.8788596987724304,5.3142194747924805,2.991346597671509,5.807021617889404,3.8975625038146973,8.209256172180176,8.96473217010498
293,1,-1.9979324340820312,1.259055256843567,-3.860736608505249,5.384521007537842,2.57224440574646,2.711439371109009,-0.02794266864657402,-2.159841537475586,7.493645191192627,6.375117301940918,6.449777126312256,3.1442508697509766
294,0,-1.8548719882965088,3.24670147895813,-7.8997955322265625,6.272897720336914,-1.6346685886383057,0.7962709665298462,5.310422897338867,3.011950969696045,5.824920654296875,3.9007480144500732,8.221094131469727,8.953216552734375
294,1,-2.003789186477661,1.253957748413086,-3.8669426441192627,5.386172771453857,2.5669374465942383,2.6948626041412354,-0.016465656459331512,-2.168109178543091,7.483698844909668,6.36343240737915,6.445884704589844,3.1338469982147217
295,0,-1.8726115226745605,3.2378814220428467,-7.8965020179748535,6.275768280029297,-1.5980195999145508,0.818536639213562,5.314550876617432,3.0243279933929443,5.803410053253174,3.918926239013672,8.238272666931152,8.966731071472168
295,1,-2.0037903785705566,1.2483347654342651,-3.8597207069396973,5.389199256896973,2.5690081119537354,2.695552110671997,-0.01635768637061119,-2.1602163314819336,7.485139846801758,6.365348815917969,6.460393905639648,3.144071578979492
296,0,-1.8858014345169067,3.2778944969177246,-7.896337509155273,6.298155307769775,-1.6326886415481567,0.7941160202026367,5.317562103271484,3.0260415077209473,5.811148643493652,3.9393372535705566,8.233624458312988,8.948287010192871
296,1,-1.9979888200759888,1.2493412494659424,-3.8539187908172607,5.392889022827148,2.5618791580200195,2.6737260818481445,-0.00787016935646534,-2.1628072261810303,7.488046646118164,6.365298748016357,6.45612907409668,3.144435167312622
297,0,-1.8987261056900024,3.2767584323883057,-7.918853759765625,6.291309356689453,-1.6148678064346313,0.8152655959129333,5.322059154510498,3.0158159732818604,5.806511878967285,3.950562000274658,8.218914985656738,8.957016944885254
297,1,-2.01718807220459,1.2730576992034912,-3.8521387577056885,5.4031219482421875,2.546917200088501,2.737840175628662,-0.0735165923833847,-2.1698238849639893,7.479503631591797,6.391605377197266,6.428727149963379,3.1423399448394775
